Provincias;Grupo penal;periodo;Total_Hechos;Poblacion_Provincial;CCAA;Tasa_Criminalidad;codigo_ine;Total_Provincial;Peso_Tipologia;Peso_Fraude;VAR_pct
albacete;fraude_informatico;2025;3149.0;390751;Castilla-La Mancha;8.059906309663385;02;3697.0;85.17717067892886;85.17717067892886;4.55
alicante;fraude_informatico;2025;16547.0;2033566;C. Valenciana;8.13702344410373;03;19230.0;86.04784191367655;86.04784191367655;6.87
almeria;fraude_informatico;2025;5983.0;770554;Andalucía;7.765187869440306;04;6817.0;87.7658794190993;87.7658794190993;14.49
araba;fraude_informatico;2025;3784.0;341961;País Vasco;11.06602562352118;01;4258.0;88.86801315171442;88.86801315171442;-4.28
asturias;fraude_informatico;2025;8514.0;1015128;Asturias;8.387194374965707;33;9807.0;86.81553992046499;86.81553992046499;4.89
avila;fraude_informatico;2025;1718.0;160738;Castilla y León;10.688981055143742;05;1864.0;92.16738197424893;92.16738197424893;5.66
badajoz;fraude_informatico;2025;5004.0;665155;Extremadura;7.523669714093621;06;6286.0;79.60547247852371;79.60547247852371;7.17
balears;fraude_informatico;2025;12254.0;1249844;Islas Baleares;9.80469257152347;07;13907.0;88.1138994750845;88.1138994750845;6.64
barcelona;fraude_informatico;2025;59097.0;5959941;Cataluña;9.915644884199594;08;62296.0;94.86483883395402;94.86483883395402;10.81
bizkaia;fraude_informatico;2025;12277.0;1167233;País Vasco;10.518439549270392;48;13686.0;89.70480783282187;89.70480783282187;1.83
burgos;fraude_informatico;2025;3481.0;362663;Castilla y León;9.597289096854777;09;3831.0;90.86400417645524;90.86400417645524;16.03
caceres;fraude_informatico;2025;2419.0;388190;Extremadura;6.232591425572258;10;3179.0;76.09311104120793;76.09311104120793;1.6
cadiz;fraude_informatico;2025;12183.0;1261420;Andalucía;9.658427160540407;11;14202.0;85.78369243768483;85.78369243768483;12.59
cantabria;fraude_informatico;2025;5923.0;593623;Cantabria;9.977558624904532;39;6849.0;86.47977806979121;86.47977806979121;2.58
castellon;fraude_informatico;2025;4400.0;627620;C. Valenciana;7.011268269151854;12;5076.0;86.68242710795903;86.68242710795903;16.34
ceuta;fraude_informatico;2025;523.0;83567;Ceuta;6.263735431188112;51;631.0;82.88431061806656;82.88431061806656;5.23
ciudad_real;fraude_informatico;2025;3292.0;494848;Castilla-La Mancha;6.651823183344328;13;3638.0;90.48927982407916;90.48927982407916;8.04
cordoba;fraude_informatico;2025;7314.0;773163;Andalucía;9.460369725325084;14;8338.0;87.71887742863996;87.71887742863996;13.18
coruna;fraude_informatico;2025;9210.0;1135623;Galicia;8.110325037917558;15;10910.0;84.4179651695692;84.4179651695692;8.97
cuenca;fraude_informatico;2025;1360.0;199859;Castilla-La Mancha;6.805070767951128;16;1572.0;86.51399491094148;86.51399491094148;3.98
gipuzkoa;fraude_informatico;2025;7470.0;733149;País Vasco;10.188761886342265;20;8328.0;89.69740634005764;89.69740634005764;8.54
girona;fraude_informatico;2025;8506.0;830429;Cataluña;10.243290433049946;17;8888.0;95.70207020702072;95.70207020702072;11.16
granada;fraude_informatico;2025;9522.0;945797;Andalucía;10.068205846318078;18;10880.0;87.51838235294119;87.51838235294119;15.07
guadalajara;fraude_informatico;2025;2991.0;285839;Castilla-La Mancha;10.46423924425872;19;3255.0;91.88940092165898;91.88940092165898;5.95
huelva;fraude_informatico;2025;3626.0;538789;Andalucía;6.729729962914348;21;4127.0;87.86043130603343;87.86043130603343;16.29
huesca;fraude_informatico;2025;2231.0;230087;Aragón;9.695900413703754;22;2546.0;87.62765121759622;87.62765121759622;11.22
jaen;fraude_informatico;2025;4634.0;618143;Andalucía;7.496987326525982;23;5293.0;87.54959380313622;87.54959380313622;5.39
leon;fraude_informatico;2025;4342.0;448030;Castilla y León;9.690456781031893;24;4928.0;88.10876623376623;88.10876623376623;9.48
lleida;fraude_informatico;2025;4675.0;458226;Cataluña;10.202133358292349;25;4969.0;94.08331656268868;94.08331656268868;16.79
lugo;fraude_informatico;2025;2154.0;326022;Galicia;6.605605988234194;27;2500.0;86.16;86.16;5.74
madrid;fraude_informatico;2025;72374.0;7113886;Madrid;10.173649865315944;28;81164.0;89.17007540288799;89.17007540288799;10.73
malaga;fraude_informatico;2025;17503.0;1791183;Andalucía;9.771578453332726;29;20021.0;87.42320563408421;87.42320563408421;9.7
melilla;fraude_informatico;2025;486.0;87067;Melilla;5.578751407023913;52;595.0;81.68067226890756;81.68067226890756;6.11
murcia;fraude_informatico;2025;12730.0;1586989;Murcia;8.021398739885317;30;14568.0;87.38330587589238;87.38330587589238;10.14
navarra;fraude_informatico;2025;6881.0;683854;Navarra;10.062387126263111;31;7794.0;88.28586091865537;88.28586091865537;12.99
ourense;fraude_informatico;2025;1902.0;305278;Galicia;6.229315438799731;32;2317.0;82.08890807078119;82.08890807078119;3.26
palencia;fraude_informatico;2025;1542.0;158702;Castilla y León;9.719097591064406;34;1798.0;85.76195773081201;85.76195773081201;7.68
palmas;fraude_informatico;2025;9299.0;1171547;Canarias;7.937434999266218;35;10430.0;89.15627996164909;89.15627996164909;10.69
pontevedra;fraude_informatico;2025;7791.0;947818;Galicia;8.21970591623768;36;9375.0;83.104;83.104;1.17
rioja;fraude_informatico;2025;2010.0;326803;La Rioja;6.150017644003272;26;2543.0;79.04050334250886;79.04050334250886;7.6
salamanca;fraude_informatico;2025;3387.0;328446;Castilla y León;10.310695072360096;37;4056.0;83.50591715976331;83.50591715976331;6.95
santa_cruz_de_tenerife;fraude_informatico;2025;7625.0;1087319;Canarias;7.0128609121118375;38;8636.0;88.29319129226494;88.29319129226494;19.83
segovia;fraude_informatico;2025;1749.0;158251;Castilla y León;11.05225720782003;40;1915.0;91.33159268929504;91.33159268929504;1.04
sevilla;fraude_informatico;2025;18883.0;1977664;Andalucía;9.54828026858471;41;21480.0;87.90968342644321;87.90968342644321;11.09
soria;fraude_informatico;2025;919.0;90183;Castilla y León;10.185549621742837;42;1037.0;88.62102217936355;88.62102217936355;2.91
tarragona;fraude_informatico;2025;7911.0;875530;Cataluña;9.035641911279695;43;8794.0;89.9590629974983;89.9590629974983;10.61
teruel;fraude_informatico;2025;1270.0;136091;Aragón;9.328555452244329;44;1457.0;87.16540837336993;87.16540837336993;12.49
toledo;fraude_informatico;2025;6147.0;755081;Castilla-La Mancha;8.140284626887583;45;7072.0;86.92024886877829;86.92024886877829;5.11
valencia;fraude_informatico;2025;22901.0;2763996;C. Valenciana;8.285396694989105;46;25823.0;88.68450606048872;88.68450606048872;6.73
valladolid;fraude_informatico;2025;5490.0;528644;Castilla y León;10.385565797290624;47;6245.0;87.9103282626101;87.9103282626101;2.83
zamora;fraude_informatico;2025;1319.0;165564;Castilla y León;7.967057539784533;49;1485.0;88.82154882154882;88.82154882154882;8.83
zaragoza;fraude_informatico;2025;8416.0;998443;Aragón;8.429106161093836;50;9419.0;89.35131117953074;89.35131117953074;5.91
albacete;acceso__e_interceptacion_ilicita;2025;116.0;390751;Castilla-La Mancha;0.2979440093040466;02;3697.0;3.137679199350825;0.0;38.1
albacete;amenazas_y_coacciones;2025;154.0;390751;Castilla-La Mancha;0.3932591676712036;02;3697.0;4.165539626724371;0.0;1.99
albacete;contra_el_honor;2025;17.0;390751;Castilla-La Mancha;0.0444396324455738;02;3697.0;0.4598322964565864;0.0;0.0
albacete;contra_la_propiedad_industrial/intelectual;2025;13.0;390751;Castilla-La Mancha;0.0330287218093872;02;3697.0;0.3516364619962132;0.0;44.44
albacete;delitos_sexuales;2025;11.0;390751;Castilla-La Mancha;0.0288419909775257;02;3697.0;0.2975385447660265;0.0;-8.33
albacete;falsificacion_informatica;2025;166.0;390751;Castilla-La Mancha;0.4255132973194122;02;3697.0;4.490127130105491;0.0;16.08
albacete;interferencia_en_los_datos_y_en_el_sistema;2025;71.0;390751;Castilla-La Mancha;0.1819095164537429;02;3697.0;1.9204760616716257;0.0;10.94
alicante;acceso__e_interceptacion_ilicita;2025;485.0;2033566;C. Valenciana;0.2384336441755294;03;19230.0;2.5221008840353614;0.0;19.75
alicante;amenazas_y_coacciones;2025;910.0;2033566;C. Valenciana;0.4476969242095947;03;19230.0;4.732189287571503;0.0;2.25
alicante;contra_el_honor;2025;37.0;2033566;C. Valenciana;0.0184037163853645;03;19230.0;0.1924076963078523;0.0;-2.63
alicante;contra_la_propiedad_industrial/intelectual;2025;24.0;2033566;C. Valenciana;0.0117075741291046;03;19230.0;0.1248049921996879;0.0;20.0
alicante;delitos_sexuales;2025;84.0;2033566;C. Valenciana;0.0413452535867691;03;19230.0;0.4368174726989079;0.0;-1.18
alicante;falsificacion_informatica;2025;1093.0;2033566;C. Valenciana;0.5373368263244629;03;19230.0;5.683827353094124;0.0;15.66
alicante;interferencia_en_los_datos_y_en_el_sistema;2025;50.0;2033566;C. Valenciana;0.0246403459459543;03;19230.0;0.2600104004160166;0.0;8.7
almeria;acceso__e_interceptacion_ilicita;2025;182.0;770554;Andalucía;0.2358716279268264;04;6817.0;2.6697960979903184;0.0;30.0
almeria;amenazas_y_coacciones;2025;313.0;770554;Andalucía;0.4067294001579284;04;6817.0;4.591462520170163;0.0;10.21
almeria;contra_el_honor;2025;24.0;770554;Andalucía;0.0307552181184291;04;6817.0;0.3520610239108112;0.0;26.32
almeria;contra_la_propiedad_industrial/intelectual;2025;3.0;770554;Andalucía;0.0034692001063376;04;6817.0;0.0440076279888514;0.0;0.0
almeria;delitos_sexuales;2025;23.0;770554;Andalucía;0.0302620194852352;04;6817.0;0.337391814581194;0.0;-8.0
almeria;falsificacion_informatica;2025;277.0;770554;Andalucía;0.3596465289592743;04;6817.0;4.063370984303946;0.0;29.44
almeria;interferencia_en_los_datos_y_en_el_sistema;2025;12.0;770554;Andalucía;0.0154799381271004;04;6817.0;0.1760305119554056;0.0;-7.69
araba;acceso__e_interceptacion_ilicita;2025;27.0;341961;País Vasco;0.0794856548309326;01;4258.0;0.6341005166744951;0.0;-15.62
araba;amenazas_y_coacciones;2025;240.0;341961;País Vasco;0.7018216252326965;01;4258.0;5.636449037106623;0.0;1.69
araba;contra_el_honor;2025;0.0;341961;País Vasco;0.0013310784706845;01;4258.0;0.0;0.0;0.0
araba;contra_la_propiedad_industrial/intelectual;2025;1.0;341961;País Vasco;0.0037155812606215;01;4258.0;0.0234852043212775;0.0;0.0
araba;delitos_sexuales;2025;16.0;341961;País Vasco;0.0458342917263507;01;4258.0;0.3757632691404415;0.0;-11.11
araba;falsificacion_informatica;2025;187.0;341961;País Vasco;0.5479761362075806;01;4258.0;4.39173320807891;0.0;-5.08
araba;interferencia_en_los_datos_y_en_el_sistema;2025;3.0;341961;País Vasco;0.0098445136100053;01;4258.0;0.0704556129638327;0.0;-25.0
asturias;acceso__e_interceptacion_ilicita;2025;438.0;1015128;Asturias;0.4309914410114288;33;9807.0;4.4661976139492205;0.0;36.02
asturias;amenazas_y_coacciones;2025;358.0;1015128;Asturias;0.3522006273269653;33;9807.0;3.650453757520139;0.0;9.15
asturias;contra_el_honor;2025;22.0;1015128;Asturias;0.0217443387955427;33;9807.0;0.2243295605179973;0.0;-12.0
asturias;contra_la_propiedad_industrial/intelectual;2025;7.0;1015128;Asturias;0.0071557876653969;33;9807.0;0.0713775874375446;0.0;-12.5
asturias;delitos_sexuales;2025;26.0;1015128;Asturias;0.0252338722348213;33;9807.0;0.2651167533394514;0.0;-3.7
asturias;falsificacion_informatica;2025;380.0;1015128;Asturias;0.3741351962089538;33;9807.0;3.874783318038136;0.0;25.41
asturias;interferencia_en_los_datos_y_en_el_sistema;2025;62.0;1015128;Asturias;0.0614295341074466;33;9807.0;0.632201488732538;0.0;16.98
avila;acceso__e_interceptacion_ilicita;2025;18.0;160738;Castilla y León;0.1143070459365844;05;1864.0;0.9656652360515022;0.0;12.5
avila;amenazas_y_coacciones;2025;43.0;160738;Castilla y León;0.2650242447853088;05;1864.0;2.3068669527897;0.0;-4.44
avila;contra_el_honor;2025;8.0;160738;Castilla y León;0.047705765813589;05;1864.0;0.4291845493562232;0.0;0.0
avila;contra_la_propiedad_industrial/intelectual;2025;1.0;160738;Castilla y León;0.0045938016846776;05;1864.0;0.0536480686695279;0.0;0.0
avila;delitos_sexuales;2025;5.0;160738;Castilla y León;0.0297402217984199;05;1864.0;0.2682403433476394;0.0;0.0
avila;falsificacion_informatica;2025;68.0;160738;Castilla y León;0.4257933497428894;05;1864.0;3.648068669527897;0.0;-5.56
avila;interferencia_en_los_datos_y_en_el_sistema;2025;3.0;160738;Castilla y León;0.0170145872980356;05;1864.0;0.1609442060085837;0.0;0.0
badajoz;acceso__e_interceptacion_ilicita;2025;166.0;665155;Extremadura;0.2490785717964172;06;6286.0;2.640789055042952;0.0;10.67
badajoz;amenazas_y_coacciones;2025;375.0;665155;Extremadura;0.5641216039657593;06;6286.0;5.965637925548839;0.0;4.17
badajoz;contra_el_honor;2025;39.0;665155;Extremadura;0.0582705661654472;06;6286.0;0.6204263442570792;0.0;-4.88
badajoz;contra_la_propiedad_industrial/intelectual;2025;0.0;665155;Extremadura;0.0;06;6286.0;0.0;0.0;-100.0
badajoz;delitos_sexuales;2025;25.0;665155;Extremadura;0.0370047986507415;06;6286.0;0.3977091950365892;0.0;-3.85
badajoz;falsificacion_informatica;2025;659.0;665155;Extremadura;0.991148054599762;06;6286.0;10.483614381164491;0.0;31.8
badajoz;interferencia_en_los_datos_y_en_el_sistema;2025;18.0;665155;Extremadura;0.0273683853447437;06;6286.0;0.2863506204263442;0.0;5.88
balears;acceso__e_interceptacion_ilicita;2025;256.0;1249844;Islas Baleares;0.2046490758657455;07;13907.0;1.8407995973250884;0.0;4.07
balears;amenazas_y_coacciones;2025;679.0;1249844;Islas Baleares;0.5432165265083313;07;13907.0;4.882433306967714;0.0;3.03
balears;contra_el_honor;2025;23.0;1249844;Islas Baleares;0.0187023803591728;07;13907.0;0.1653843388221759;0.0;-8.0
balears;contra_la_propiedad_industrial/intelectual;2025;0.0;1249844;Islas Baleares;0.0;07;13907.0;0.0;0.0;-100.0
balears;delitos_sexuales;2025;49.0;1249844;Islas Baleares;0.0393012054264545;07;13907.0;0.3523405479255051;0.0;-14.04
balears;falsificacion_informatica;2025;606.0;1249844;Islas Baleares;0.4847502410411834;07;13907.0;4.357517796792982;0.0;39.95
balears;interferencia_en_los_datos_y_en_el_sistema;2025;40.0;1249844;Islas Baleares;0.0318723917007446;07;13907.0;0.287624937082045;0.0;-2.44
barcelona;acceso__e_interceptacion_ilicita;2025;613.0;5959941;Cataluña;0.1028237640857696;08;62296.0;0.9840118145627328;0.0;8.11
barcelona;amenazas_y_coacciones;2025;745.0;5959941;Cataluña;0.124962143599987;08;62296.0;1.1959034287915755;0.0;17.14
barcelona;contra_el_honor;2025;17.0;5959941;Cataluña;0.0027767659630626;08;62296.0;0.0272890715294721;0.0;21.43
barcelona;contra_la_propiedad_industrial/intelectual;2025;36.0;5959941;Cataluña;0.0061106742359697;08;62296.0;0.0577886220624117;0.0;63.64
barcelona;delitos_sexuales;2025;144.0;5959941;Cataluña;0.0241782292723655;08;62296.0;0.2311544882496468;0.0;1.41
barcelona;falsificacion_informatica;2025;1586.0;5959941;Cataluña;0.2661347985267639;08;62296.0;2.5459098497495827;0.0;32.72
barcelona;interferencia_en_los_datos_y_en_el_sistema;2025;58.0;5959941;Cataluña;0.0096895331516861;08;62296.0;0.0931038911005522;0.0;1.75
bizkaia;acceso__e_interceptacion_ilicita;2025;158.0;1167233;País Vasco;0.1356925368309021;48;13686.0;1.1544644161917288;0.0;-2.47
bizkaia;amenazas_y_coacciones;2025;622.0;1167233;País Vasco;0.5328090190887451;48;13686.0;4.544790296653514;0.0;-3.72
bizkaia;contra_el_honor;2025;6.0;1167233;País Vasco;0.0049156867899;48;13686.0;0.0438404208680403;0.0;50.0
bizkaia;contra_la_propiedad_industrial/intelectual;2025;9.0;1167233;País Vasco;0.0077522839419543;48;13686.0;0.0657606313020605;0.0;12.5
bizkaia;delitos_sexuales;2025;33.0;1167233;País Vasco;0.0286007914692163;48;13686.0;0.2411223147742218;0.0;-5.71
bizkaia;falsificacion_informatica;2025;569.0;1167233;País Vasco;0.4870606362819671;48;13686.0;4.157533245652491;0.0;-0.7
bizkaia;interferencia_en_los_datos_y_en_el_sistema;2025;12.0;1167233;País Vasco;0.01015246193856;48;13686.0;0.0876808417360806;0.0;20.0
burgos;acceso__e_interceptacion_ilicita;2025;69.0;362663;Castilla y León;0.190412625670433;09;3831.0;1.8010963194988252;0.0;11.29
burgos;amenazas_y_coacciones;2025;136.0;362663;Castilla y León;0.3743321299552917;09;3831.0;3.5499869485773954;0.0;1.49
burgos;contra_el_honor;2025;2.0;362663;Castilla y León;0.0045066499151289;09;3831.0;0.0522056904202558;0.0;-33.33
burgos;contra_la_propiedad_industrial/intelectual;2025;0.0;362663;Castilla y León;0.0;09;3831.0;0.0;0.0;0.0
burgos;delitos_sexuales;2025;13.0;362663;Castilla y León;0.0346775203943252;09;3831.0;0.3393369877316627;0.0;8.33
burgos;falsificacion_informatica;2025;117.0;362663;Castilla y León;0.3228657841682434;09;3831.0;3.0540328895849647;0.0;-9.3
burgos;interferencia_en_los_datos_y_en_el_sistema;2025;13.0;362663;Castilla y León;0.0347045361995697;09;3831.0;0.3393369877316627;0.0;-13.33
caceres;acceso__e_interceptacion_ilicita;2025;117.0;388190;Extremadura;0.3002530038356781;10;3179.0;3.680402642340359;0.0;40.96
caceres;amenazas_y_coacciones;2025;182.0;388190;Extremadura;0.4698803424835205;10;3179.0;5.725070776973891;0.0;15.19
caceres;contra_el_honor;2025;38.0;388190;Extremadura;0.0981612130999565;10;3179.0;1.1953444479396038;0.0;26.67
caceres;contra_la_propiedad_industrial/intelectual;2025;0.0;388190;Extremadura;0.0007384085329249;10;3179.0;0.0;0.0;-100.0
caceres;delitos_sexuales;2025;9.0;388190;Extremadura;0.0235531572252511;10;3179.0;0.2831078955646429;0.0;-10.0
caceres;falsificacion_informatica;2025;413.0;388190;Extremadura;1.0627636909484863;10;3179.0;12.99150676313306;0.0;-3.28
caceres;interferencia_en_los_datos_y_en_el_sistema;2025;1.0;388190;Extremadura;0.0027617984451353;10;3179.0;0.0314564328405158;0.0;-66.67
cadiz;acceso__e_interceptacion_ilicita;2025;471.0;1261420;Andalucía;0.3730184137821197;11;14202.0;3.316434305027461;0.0;27.99
cadiz;amenazas_y_coacciones;2025;661.0;1261420;Andalucía;0.5243706703186035;11;14202.0;4.654274045909027;0.0;6.44
cadiz;contra_el_honor;2025;58.0;1261420;Andalucía;0.0456224456429481;11;14202.0;0.4083931840585832;0.0;0.0
cadiz;contra_la_propiedad_industrial/intelectual;2025;6.0;1261420;Andalucía;0.0051294430159032;11;14202.0;0.042247570764681;0.0;50.0
cadiz;delitos_sexuales;2025;45.0;1261420;Andalucía;0.0360246039927005;11;14202.0;0.3168567807351077;0.0;-6.25
cadiz;falsificacion_informatica;2025;736.0;1261420;Andalucía;0.5836541056632996;11;14202.0;5.18236868046754;0.0;8.55
cadiz;interferencia_en_los_datos_y_en_el_sistema;2025;42.0;1261420;Andalucía;0.0333775281906127;11;14202.0;0.2957329953527672;0.0;5.0
cantabria;acceso__e_interceptacion_ilicita;2025;285.0;593623;Cantabria;0.4809014201164245;39;6849.0;4.161191414805081;0.0;36.36
cantabria;amenazas_y_coacciones;2025;259.0;593623;Cantabria;0.4368854463100433;39;6849.0;3.7815739524018106;0.0;0.39
cantabria;contra_el_honor;2025;13.0;593623;Cantabria;0.0213122088462114;39;6849.0;0.1898087312016352;0.0;18.18
cantabria;contra_la_propiedad_industrial/intelectual;2025;4.0;593623;Cantabria;0.0075635337270796;39;6849.0;0.05840268652358;0.0;-33.33
cantabria;delitos_sexuales;2025;38.0;593623;Cantabria;0.0647310465574264;39;6849.0;0.5548255219740108;0.0;26.67
cantabria;falsificacion_informatica;2025;286.0;593623;Cantabria;0.4821225106716156;39;6849.0;4.175792086435976;0.0;38.16
cantabria;interferencia_en_los_datos_y_en_el_sistema;2025;41.0;593623;Cantabria;0.0695529580116272;39;6849.0;0.5986275368666959;0.0;0.0
castellon;acceso__e_interceptacion_ilicita;2025;146.0;627620;C. Valenciana;0.2325333803892135;12;5076.0;2.876280535855004;0.0;24.79
castellon;amenazas_y_coacciones;2025;201.0;627620;C. Valenciana;0.3200751543045044;12;5076.0;3.959810874704492;0.0;5.79
castellon;contra_el_honor;2025;3.0;627620;C. Valenciana;0.0049269990995526;12;5076.0;0.0591016548463357;0.0;-57.14
castellon;contra_la_propiedad_industrial/intelectual;2025;0.0;627620;C. Valenciana;0.0;12;5076.0;0.0;0.0;-100.0
castellon;delitos_sexuales;2025;11.0;627620;C. Valenciana;0.0168294310569763;12;5076.0;0.2167060677698975;0.0;-8.33
castellon;falsificacion_informatica;2025;301.0;627620;C. Valenciana;0.4802859425544739;12;5076.0;5.929866036249015;0.0;41.98
castellon;interferencia_en_los_datos_y_en_el_sistema;2025;14.0;627620;C. Valenciana;0.0216158032417297;12;5076.0;0.2758077226162332;0.0;16.67
ceuta;acceso__e_interceptacion_ilicita;2025;27.0;83567;Ceuta;0.3283039629459381;51;631.0;4.27892234548336;0.0;28.57
ceuta;amenazas_y_coacciones;2025;48.0;83567;Ceuta;0.5708876848220825;51;631.0;7.6069730586370845;0.0;11.63
ceuta;contra_el_honor;2025;1.0;83567;Ceuta;0.0155162215232849;51;631.0;0.1584786053882725;0.0;0.0
ceuta;contra_la_propiedad_industrial/intelectual;2025;0.0;83567;Ceuta;0.0007217923412099;51;631.0;0.0;0.0;0.0
ceuta;delitos_sexuales;2025;5.0;83567;Ceuta;0.0572146475315094;51;631.0;0.7923930269413629;0.0;0.0
ceuta;falsificacion_informatica;2025;23.0;83567;Ceuta;0.2753876745700836;51;631.0;3.645007923930269;0.0;4.55
ceuta;interferencia_en_los_datos_y_en_el_sistema;2025;4.0;83567;Ceuta;0.0419406779110431;51;631.0;0.6339144215530903;0.0;33.33
ciudad_real;acceso__e_interceptacion_ilicita;2025;30.0;494848;Castilla-La Mancha;0.060131911188364;13;3638.0;0.8246289169873556;0.0;3.45
ciudad_real;amenazas_y_coacciones;2025;121.0;494848;Castilla-La Mancha;0.2445206493139267;13;3638.0;3.326003298515668;0.0;-2.42
ciudad_real;contra_el_honor;2025;9.0;494848;Castilla-La Mancha;0.018602168187499;13;3638.0;0.2473886750962067;0.0;-10.0
ciudad_real;contra_la_propiedad_industrial/intelectual;2025;0.0;494848;Castilla-La Mancha;0.0;13;3638.0;0.0;0.0;0.0
ciudad_real;delitos_sexuales;2025;2.0;494848;Castilla-La Mancha;0.0030418031383305;13;3638.0;0.0549752611324903;0.0;-50.0
ciudad_real;falsificacion_informatica;2025;166.0;494848;Castilla-La Mancha;0.3359097242355346;13;3638.0;4.562946673996701;0.0;9.21
ciudad_real;interferencia_en_los_datos_y_en_el_sistema;2025;18.0;494848;Castilla-La Mancha;0.0354588069021701;13;3638.0;0.4947773501924134;0.0;20.0
cordoba;acceso__e_interceptacion_ilicita;2025;267.0;773163;Andalucía;0.3455348908901214;14;8338.0;3.202206764212041;0.0;18.67
cordoba;amenazas_y_coacciones;2025;255.0;773163;Andalucía;0.3302149176597595;14;8338.0;3.058287359078916;0.0;-6.93
cordoba;contra_el_honor;2025;18.0;773163;Andalucía;0.0238162986934185;14;8338.0;0.2158791076996881;0.0;-10.0
cordoba;contra_la_propiedad_industrial/intelectual;2025;3.0;773163;Andalucía;0.0039626327343285;14;8338.0;0.0359798512832813;0.0;0.0
cordoba;delitos_sexuales;2025;24.0;773163;Andalucía;0.0306953657418489;14;8338.0;0.2878388102662509;0.0;-7.69
cordoba;falsificacion_informatica;2025;416.0;773163;Andalucía;0.5379638671875;14;8338.0;4.989206044615015;0.0;3.74
cordoba;interferencia_en_los_datos_y_en_el_sistema;2025;41.0;773163;Andalucía;0.0534175485372543;14;8338.0;0.4917246342048453;0.0;20.59
coruna;acceso__e_interceptacion_ilicita;2025;415.0;1135623;Galicia;0.3651012480258941;15;10910.0;3.8038496791934;0.0;30.5
coruna;amenazas_y_coacciones;2025;513.0;1135623;Galicia;0.4519606828689575;15;10910.0;4.702108157653529;0.0;3.64
coruna;contra_el_honor;2025;55.0;1135623;Galicia;0.0487625338137149;15;10910.0;0.5041246562786434;0.0;-16.67
coruna;contra_la_propiedad_industrial/intelectual;2025;2.0;1135623;Galicia;0.0020887318532913;15;10910.0;0.0183318056828597;0.0;-33.33
coruna;delitos_sexuales;2025;35.0;1135623;Galicia;0.0310213938355445;15;10910.0;0.3208065994500458;0.0;-10.26
coruna;falsificacion_informatica;2025;635.0;1135623;Galicia;0.5592114329338074;15;10910.0;5.820348304307975;0.0;13.6
coruna;interferencia_en_los_datos_y_en_el_sistema;2025;45.0;1135623;Galicia;0.0392830446362495;15;10910.0;0.4124656278643446;0.0;0.0
cuenca;acceso__e_interceptacion_ilicita;2025;16.0;199859;Castilla-La Mancha;0.082474946975708;16;1572.0;1.0178117048346056;0.0;14.29
cuenca;amenazas_y_coacciones;2025;79.0;199859;Castilla-La Mancha;0.3977520167827606;16;1572.0;5.025445292620865;0.0;25.4
cuenca;contra_el_honor;2025;8.0;199859;Castilla-La Mancha;0.0402371324598789;16;1572.0;0.5089058524173028;0.0;14.29
cuenca;contra_la_propiedad_industrial/intelectual;2025;0.0;199859;Castilla-La Mancha;0.0;16;1572.0;0.0;0.0;0.0
cuenca;delitos_sexuales;2025;7.0;199859;Castilla-La Mancha;0.0368876308202743;16;1572.0;0.4452926208651399;0.0;0.0
cuenca;falsificacion_informatica;2025;94.0;199859;Castilla-La Mancha;0.468075692653656;16;1572.0;5.979643765903308;0.0;13.25
cuenca;interferencia_en_los_datos_y_en_el_sistema;2025;8.0;199859;Castilla-La Mancha;0.038945622742176;16;1572.0;0.5089058524173028;0.0;0.0
gipuzkoa;acceso__e_interceptacion_ilicita;2025;76.0;733149;País Vasco;0.103211686015129;20;8328.0;0.9125840537944284;0.0;7.04
gipuzkoa;amenazas_y_coacciones;2025;456.0;733149;País Vasco;0.622220516204834;20;8328.0;5.475504322766571;0.0;-0.22
gipuzkoa;contra_el_honor;2025;1.0;733149;País Vasco;0.0016373132821172;20;8328.0;0.0120076849183477;0.0;0.0
gipuzkoa;contra_la_propiedad_industrial/intelectual;2025;5.0;733149;País Vasco;0.0073425765149295;20;8328.0;0.0600384245917387;0.0;25.0
gipuzkoa;delitos_sexuales;2025;43.0;733149;País Vasco;0.0590528473258018;20;8328.0;0.516330451488953;0.0;4.88
gipuzkoa;falsificacion_informatica;2025;275.0;733149;País Vasco;0.3754701614379883;20;8328.0;3.302113352545629;0.0;2.61
gipuzkoa;interferencia_en_los_datos_y_en_el_sistema;2025;2.0;733149;País Vasco;0.0025366782210767;20;8328.0;0.0240153698366954;0.0;-33.33
girona;acceso__e_interceptacion_ilicita;2025;70.0;830429;Cataluña;0.0839887633919715;17;8888.0;0.7875787578757876;0.0;-9.09
girona;amenazas_y_coacciones;2025;114.0;830429;Cataluña;0.1378172636032104;17;8888.0;1.2826282628262826;0.0;20.0
girona;contra_el_honor;2025;1.0;830429;Cataluña;0.001209013396874;17;8888.0;0.0112511251125112;0.0;0.0
girona;contra_la_propiedad_industrial/intelectual;2025;3.0;830429;Cataluña;0.0035507408902049;17;8888.0;0.0337533753375337;0.0;0.0
girona;delitos_sexuales;2025;15.0;830429;Cataluña;0.0183930322527885;17;8888.0;0.1687668766876687;0.0;0.0
girona;falsificacion_informatica;2025;176.0;830429;Cataluña;0.2114447206258773;17;8888.0;1.98019801980198;0.0;18.12
girona;interferencia_en_los_datos_y_en_el_sistema;2025;3.0;830429;Cataluña;0.0037100377958267;17;8888.0;0.0337533753375337;0.0;-50.0
granada;acceso__e_interceptacion_ilicita;2025;212.0;945797;Andalucía;0.2241464108228683;18;10880.0;1.9485294117647056;0.0;22.54
granada;amenazas_y_coacciones;2025;542.0;945797;Andalucía;0.5726451277732849;18;10880.0;4.981617647058824;0.0;3.83
granada;contra_el_honor;2025;27.0;945797;Andalucía;0.0286675170063972;18;10880.0;0.2481617647058823;0.0;3.85
granada;contra_la_propiedad_industrial/intelectual;2025;7.0;945797;Andalucía;0.0071175047196447;18;10880.0;0.0643382352941176;0.0;40.0
granada;delitos_sexuales;2025;23.0;945797;Andalucía;0.0248089991509914;18;10880.0;0.2113970588235294;0.0;9.52
granada;falsificacion_informatica;2025;475.0;945797;Andalucía;0.5022268295288086;18;10880.0;4.365808823529411;0.0;24.02
granada;interferencia_en_los_datos_y_en_el_sistema;2025;72.0;945797;Andalucía;0.0762048214673996;18;10880.0;0.6617647058823529;0.0;-4.0
guadalajara;acceso__e_interceptacion_ilicita;2025;22.0;285839;Castilla-La Mancha;0.0780827179551124;19;3255.0;0.6758832565284179;0.0;-8.33
guadalajara;amenazas_y_coacciones;2025;76.0;285839;Castilla-La Mancha;0.2656048536300659;19;3255.0;2.334869431643625;0.0;-12.64
guadalajara;contra_el_honor;2025;4.0;285839;Castilla-La Mancha;0.0124450223520398;19;3255.0;0.1228878648233487;0.0;0.0
guadalajara;contra_la_propiedad_industrial/intelectual;2025;1.0;285839;Castilla-La Mancha;0.0038625542074441;19;3255.0;0.0307219662058371;0.0;0.0
guadalajara;delitos_sexuales;2025;9.0;285839;Castilla-La Mancha;0.0315590947866439;19;3255.0;0.2764976958525346;0.0;-10.0
guadalajara;falsificacion_informatica;2025;143.0;285839;Castilla-La Mancha;0.4985852241516113;19;3255.0;4.393241167434716;0.0;0.0
guadalajara;interferencia_en_los_datos_y_en_el_sistema;2025;9.0;285839;Castilla-La Mancha;0.0330651141703128;19;3255.0;0.2764976958525346;0.0;0.0
huelva;acceso__e_interceptacion_ilicita;2025;101.0;538789;Andalucía;0.1883371919393539;21;4127.0;2.447298279622001;0.0;17.44
huelva;amenazas_y_coacciones;2025;143.0;538789;Andalucía;0.2661514580249786;21;4127.0;3.46498667312818;0.0;-8.33
huelva;contra_el_honor;2025;14.0;538789;Andalucía;0.0258688628673553;21;4127.0;0.3392294645020596;0.0;-6.67
huelva;contra_la_propiedad_industrial/intelectual;2025;1.0;538789;Andalucía;0.0021713767200708;21;4127.0;0.0242306760358614;0.0;-66.67
huelva;delitos_sexuales;2025;24.0;538789;Andalucía;0.044891208410263;21;4127.0;0.5815362248606736;0.0;9.09
huelva;falsificacion_informatica;2025;204.0;538789;Andalucía;0.3790664076805115;21;4127.0;4.943057911315726;0.0;47.83
huelva;interferencia_en_los_datos_y_en_el_sistema;2025;14.0;538789;Andalucía;0.0266688410192728;21;4127.0;0.3392294645020596;0.0;40.0
huesca;acceso__e_interceptacion_ilicita;2025;28.0;230087;Aragón;0.1216590702533721;22;2546.0;1.0997643362136684;0.0;12.0
huesca;amenazas_y_coacciones;2025;117.0;230087;Aragón;0.5083040595054626;22;2546.0;4.595443833464258;0.0;0.0
huesca;contra_el_honor;2025;14.0;230087;Aragón;0.0594856217503547;22;2546.0;0.5498821681068342;0.0;27.27
huesca;contra_la_propiedad_industrial/intelectual;2025;2.0;230087;Aragón;0.0072937128134071;22;2546.0;0.0785545954438334;0.0;0.0
huesca;delitos_sexuales;2025;10.0;230087;Aragón;0.041828516870737;22;2546.0;0.3927729772191673;0.0;11.11
huesca;falsificacion_informatica;2025;103.0;230087;Aragón;0.4472001492977142;22;2546.0;4.045561665357424;0.0;8.42
huesca;interferencia_en_los_datos_y_en_el_sistema;2025;41.0;230087;Aragón;0.1784797310829162;22;2546.0;1.6103692065985855;0.0;36.67
jaen;acceso__e_interceptacion_ilicita;2025;55.0;618143;Andalucía;0.0895603001117706;23;5293.0;1.0391082561874174;0.0;0.0
jaen;amenazas_y_coacciones;2025;191.0;618143;Andalucía;0.3096925020217895;23;5293.0;3.608539580578122;0.0;11.7
jaen;contra_el_honor;2025;24.0;618143;Andalucía;0.0389114394783973;23;5293.0;0.4534290572454185;0.0;4.35
jaen;contra_la_propiedad_industrial/intelectual;2025;0.0;618143;Andalucía;0.0;23;5293.0;0.0;0.0;-100.0
jaen;delitos_sexuales;2025;8.0;618143;Andalucía;0.0131964515894651;23;5293.0;0.1511430190818061;0.0;-11.11
jaen;falsificacion_informatica;2025;369.0;618143;Andalucía;0.5967239141464233;23;5293.0;6.971471755148309;0.0;15.31
jaen;interferencia_en_los_datos_y_en_el_sistema;2025;12.0;618143;Andalucía;0.0201080348342657;23;5293.0;0.2267145286227092;0.0;20.0
leon;acceso__e_interceptacion_ilicita;2025;74.0;448030;Castilla y León;0.1651008576154709;24;4928.0;1.5016233766233766;0.0;5.71
leon;amenazas_y_coacciones;2025;178.0;448030;Castilla y León;0.39665287733078;24;4928.0;3.6120129870129873;0.0;-2.73
leon;contra_el_honor;2025;18.0;448030;Castilla y León;0.0394867323338985;24;4928.0;0.3652597402597402;0.0;-5.26
leon;contra_la_propiedad_industrial/intelectual;2025;10.0;448030;Castilla y León;0.0228270608931779;24;4928.0;0.2029220779220779;0.0;11.11
leon;delitos_sexuales;2025;21.0;448030;Castilla y León;0.0463165938854217;24;4928.0;0.4261363636363636;0.0;-4.55
leon;falsificacion_informatica;2025;249.0;448030;Castilla y León;0.5558065176010132;24;4928.0;5.05275974025974;0.0;14.22
leon;interferencia_en_los_datos_y_en_el_sistema;2025;36.0;448030;Castilla y León;0.079588696360588;24;4928.0;0.7305194805194805;0.0;-5.26
lleida;acceso__e_interceptacion_ilicita;2025;62.0;458226;Cataluña;0.1345716714859008;25;4969.0;1.2477359629704166;0.0;-8.82
lleida;amenazas_y_coacciones;2025;116.0;458226;Cataluña;0.2522424459457397;25;4969.0;2.3344737371704567;0.0;9.43
lleida;contra_el_honor;2025;4.0;458226;Cataluña;0.0086464937776327;25;4969.0;0.0804990943851881;0.0;0.0
lleida;contra_la_propiedad_industrial/intelectual;2025;0.0;458226;Cataluña;0.0;25;4969.0;0.0;0.0;0.0
lleida;delitos_sexuales;2025;12.0;458226;Cataluña;0.02570591121912;25;4969.0;0.2414972831555645;0.0;9.09
lleida;falsificacion_informatica;2025;95.0;458226;Cataluña;0.2063671052455902;25;4969.0;1.9118534916482188;0.0;37.68
lleida;interferencia_en_los_datos_y_en_el_sistema;2025;5.0;458226;Cataluña;0.0100380750373005;25;4969.0;0.1006238679814852;0.0;-16.67
lugo;acceso__e_interceptacion_ilicita;2025;71.0;326022;Galicia;0.2179121226072311;27;2500.0;2.8400000000000003;0.0;24.56
lugo;amenazas_y_coacciones;2025;142.0;326022;Galicia;0.4350491166114807;27;2500.0;5.680000000000001;0.0;9.23
lugo;contra_el_honor;2025;9.0;326022;Galicia;0.0267442651093006;27;2500.0;0.36;0.0;0.0
lugo;contra_la_propiedad_industrial/intelectual;2025;2.0;326022;Galicia;0.0061911484226584;27;2500.0;0.08;0.0;-33.33
lugo;delitos_sexuales;2025;8.0;326022;Galicia;0.0244386401027441;27;2500.0;0.32;0.0;0.0
lugo;falsificacion_informatica;2025;97.0;326022;Galicia;0.2963413894176483;27;2500.0;3.88;0.0;24.36
lugo;interferencia_en_los_datos_y_en_el_sistema;2025;17.0;326022;Galicia;0.0510408878326416;27;2500.0;0.6799999999999999;0.0;30.77
madrid;acceso__e_interceptacion_ilicita;2025;1922.0;7113886;Madrid;0.2701120972633362;28;81164.0;2.368044946035188;0.0;18.57
madrid;amenazas_y_coacciones;2025;2351.0;7113886;Madrid;0.3305111527442932;28;81164.0;2.896604405894239;0.0;-5.2
madrid;contra_el_honor;2025;110.0;7113886;Madrid;0.0154669973999261;28;81164.0;0.1355280666305258;0.0;14.58
madrid;contra_la_propiedad_industrial/intelectual;2025;44.0;7113886;Madrid;0.0061216983012855;28;81164.0;0.0542112266522103;0.0;91.3
madrid;delitos_sexuales;2025;229.0;7113886;Madrid;0.0322549901902675;28;81164.0;0.2821447932580947;0.0;-0.43
madrid;falsificacion_informatica;2025;3714.0;7113886;Madrid;0.5220528841018677;28;81164.0;4.575920358779754;0.0;12.92
madrid;interferencia_en_los_datos_y_en_el_sistema;2025;420.0;7113886;Madrid;0.0589990094304084;28;81164.0;0.5174707998620078;0.0;11.41
malaga;acceso__e_interceptacion_ilicita;2025;763.0;1791183;Andalucía;0.4262468516826629;29;20021.0;3.810998451625793;0.0;28.89
malaga;amenazas_y_coacciones;2025;639.0;1791183;Andalucía;0.3566585481166839;29;20021.0;3.1916487687927675;0.0;-1.84
malaga;contra_el_honor;2025;46.0;1791183;Andalucía;0.0257459785789251;29;20021.0;0.2297587533090255;0.0;-8.0
malaga;contra_la_propiedad_industrial/intelectual;2025;30.0;1791183;Andalucía;0.0169112868607044;29;20021.0;0.1498426652015383;0.0;25.0
malaga;delitos_sexuales;2025;71.0;1791183;Andalucía;0.0396567024290561;29;20021.0;0.3546276409769742;0.0;1.43
malaga;falsificacion_informatica;2025;848.0;1791183;Andalucía;0.4735684096813202;29;20021.0;4.235552669696818;0.0;25.82
malaga;interferencia_en_los_datos_y_en_el_sistema;2025;121.0;1791183;Andalucía;0.0673683881759643;29;20021.0;0.6043654163128716;0.0;0.0
melilla;acceso__e_interceptacion_ilicita;2025;49.0;87067;Melilla;0.561436653137207;52;595.0;8.235294117647058;0.0;40.0
melilla;amenazas_y_coacciones;2025;41.0;87067;Melilla;0.4718847274780273;52;595.0;6.890756302521009;0.0;7.89
melilla;contra_el_honor;2025;8.0;87067;Melilla;0.0965079590678215;52;595.0;1.3445378151260503;0.0;-20.0
melilla;contra_la_propiedad_industrial/intelectual;2025;0.0;87067;Melilla;0.0;52;595.0;0.0;0.0;0.0
melilla;delitos_sexuales;2025;5.0;87067;Melilla;0.0577958114445209;52;595.0;0.8403361344537815;0.0;25.0
melilla;falsificacion_informatica;2025;5.0;87067;Melilla;0.0619226321578025;52;595.0;0.8403361344537815;0.0;0.0
melilla;interferencia_en_los_datos_y_en_el_sistema;2025;1.0;87067;Melilla;0.0100084189325571;52;595.0;0.1680672268907563;0.0;0.0
murcia;acceso__e_interceptacion_ilicita;2025;326.0;1586989;Murcia;0.205290213227272;30;14568.0;2.2377814387699067;0.0;18.98
murcia;amenazas_y_coacciones;2025;380.0;1586989;Murcia;0.2392021119594574;30;14568.0;2.6084568918176827;0.0;-6.17
murcia;contra_el_honor;2025;34.0;1586989;Murcia;0.0213945787400007;30;14568.0;0.2333882482152663;0.0;3.03
murcia;contra_la_propiedad_industrial/intelectual;2025;12.0;1586989;Murcia;0.0075922459363937;30;14568.0;0.0823723228995057;0.0;100.0
murcia;delitos_sexuales;2025;127.0;1586989;Murcia;0.0803250148892402;30;14568.0;0.8717737506864361;0.0;15.45
murcia;falsificacion_informatica;2025;919.0;1586989;Murcia;0.5793917775154114;30;14568.0;6.308347062053817;0.0;10.99
murcia;interferencia_en_los_datos_y_en_el_sistema;2025;40.0;1586989;Murcia;0.0252298731356859;30;14568.0;0.2745744096650192;0.0;-2.44
navarra;acceso__e_interceptacion_ilicita;2025;181.0;683854;Navarra;0.2640372514724731;31;7794.0;2.3222992045162942;0.0;-1.09
navarra;amenazas_y_coacciones;2025;335.0;683854;Navarra;0.4903394877910614;31;7794.0;4.298178085706954;0.0;0.0
navarra;contra_el_honor;2025;30.0;683854;Navarra;0.0438935086131095;31;7794.0;0.3849114703618168;0.0;7.14
navarra;contra_la_propiedad_industrial/intelectual;2025;2.0;683854;Navarra;0.0030016943346709;31;7794.0;0.0256607646907877;0.0;0.0
navarra;delitos_sexuales;2025;50.0;683854;Navarra;0.0726257339119911;31;7794.0;0.6415191172696947;0.0;0.0
navarra;falsificacion_informatica;2025;293.0;683854;Navarra;0.4279658198356628;31;7794.0;3.7593020272004094;0.0;3.53
navarra;interferencia_en_los_datos_y_en_el_sistema;2025;22.0;683854;Navarra;0.0318486206233501;31;7794.0;0.2822684115986656;0.0;4.76
ourense;acceso__e_interceptacion_ilicita;2025;119.0;305278;Galicia;0.388615220785141;32;2317.0;5.13595166163142;0.0;52.56
ourense;amenazas_y_coacciones;2025;156.0;305278;Galicia;0.510290801525116;32;2317.0;6.732844195079844;0.0;-4.29
ourense;contra_el_honor;2025;16.0;305278;Galicia;0.0510888174176216;32;2317.0;0.6905481225722918;0.0;6.67
ourense;contra_la_propiedad_industrial/intelectual;2025;4.0;305278;Galicia;0.0145299220457673;32;2317.0;0.1726370306430729;0.0;0.0
ourense;delitos_sexuales;2025;8.0;305278;Galicia;0.0247688200324773;32;2317.0;0.3452740612861459;0.0;0.0
ourense;falsificacion_informatica;2025;96.0;305278;Galicia;0.3130408227443695;32;2317.0;4.14328873543375;0.0;-3.03
ourense;interferencia_en_los_datos_y_en_el_sistema;2025;16.0;305278;Galicia;0.0511362366378307;32;2317.0;0.6905481225722918;0.0;60.0
palencia;acceso__e_interceptacion_ilicita;2025;74.0;158702;Castilla y León;0.4672120809555053;34;1798.0;4.115684093437152;0.0;37.04
palencia;amenazas_y_coacciones;2025;59.0;158702;Castilla y León;0.3724422752857208;34;1798.0;3.281423804226919;0.0;3.51
palencia;contra_el_honor;2025;2.0;158702;Castilla y León;0.009589715860784;34;1798.0;0.1112347052280311;0.0;0.0
palencia;contra_la_propiedad_industrial/intelectual;2025;0.0;158702;Castilla y León;0.000279613683233;34;1798.0;0.0;0.0;0.0
palencia;delitos_sexuales;2025;5.0;158702;Castilla y León;0.0330873019993305;34;1798.0;0.2780867630700778;0.0;0.0
palencia;falsificacion_informatica;2025;110.0;158702;Castilla y León;0.6922305822372437;34;1798.0;6.117908787541713;0.0;30.95
palencia;interferencia_en_los_datos_y_en_el_sistema;2025;6.0;158702;Castilla y León;0.0380637496709823;34;1798.0;0.3337041156840934;0.0;0.0
palmas;acceso__e_interceptacion_ilicita;2025;281.0;1171547;Canarias;0.239768236875534;35;10430.0;2.694151486097794;0.0;4.85
palmas;amenazas_y_coacciones;2025;343.0;1171547;Canarias;0.2928580045700073;35;10430.0;3.2885906040268456;0.0;-13.38
palmas;contra_el_honor;2025;50.0;1171547;Canarias;0.04257433116436;35;10430.0;0.4793863854266539;0.0;6.38
palmas;contra_la_propiedad_industrial/intelectual;2025;4.0;1171547;Canarias;0.0035947400610893;35;10430.0;0.0383509108341323;0.0;33.33
palmas;delitos_sexuales;2025;37.0;1171547;Canarias;0.0312941335141658;35;10430.0;0.3547459252157239;0.0;0.0
palmas;falsificacion_informatica;2025;386.0;1171547;Canarias;0.3294049203395843;35;10430.0;3.700862895493768;0.0;15.22
palmas;interferencia_en_los_datos_y_en_el_sistema;2025;30.0;1171547;Canarias;0.0259427931159734;35;10430.0;0.2876318312559923;0.0;11.11
pontevedra;acceso__e_interceptacion_ilicita;2025;245.0;947818;Galicia;0.2584120333194732;36;9375.0;2.6133333333333333;0.0;10.36
pontevedra;amenazas_y_coacciones;2025;603.0;947818;Galicia;0.6365973949432373;36;9375.0;6.432;0.0;9.04
pontevedra;contra_el_honor;2025;71.0;947818;Galicia;0.0747735276818275;36;9375.0;0.7573333333333333;0.0;4.41
pontevedra;contra_la_propiedad_industrial/intelectual;2025;0.0;947818;Galicia;0.0;36;9375.0;0.0;0.0;-100.0
pontevedra;delitos_sexuales;2025;34.0;947818;Galicia;0.0357494950294494;36;9375.0;0.3626666666666666;0.0;-2.86
pontevedra;falsificacion_informatica;2025;537.0;947818;Galicia;0.5664487481117249;36;9375.0;5.728;0.0;10.72
pontevedra;interferencia_en_los_datos_y_en_el_sistema;2025;94.0;947818;Galicia;0.0991325601935386;36;9375.0;1.0026666666666666;0.0;6.82
rioja;acceso__e_interceptacion_ilicita;2025;160.0;326803;La Rioja;0.4900272190570831;26;2543.0;6.291781360597719;0.0;14.29
rioja;amenazas_y_coacciones;2025;181.0;326803;La Rioja;0.5528761148452759;26;2543.0;7.11757766417617;0.0;12.42
rioja;contra_el_honor;2025;11.0;326803;La Rioja;0.0324614867568016;26;2543.0;0.4325599685410932;0.0;10.0
rioja;contra_la_propiedad_industrial/intelectual;2025;1.0;326803;La Rioja;0.0031613884493708;26;2543.0;0.0393236335037357;0.0;-50.0
rioja;delitos_sexuales;2025;5.0;326803;La Rioja;0.0159148592501878;26;2543.0;0.1966181675186787;0.0;-16.67
rioja;falsificacion_informatica;2025;171.0;326803;La Rioja;0.5232147574424744;26;2543.0;6.724341329138812;0.0;42.5
rioja;interferencia_en_los_datos_y_en_el_sistema;2025;4.0;326803;La Rioja;0.0131762763485312;26;2543.0;0.1572945340149429;0.0;-20.0
salamanca;acceso__e_interceptacion_ilicita;2025;189.0;328446;Castilla y León;0.5748822689056396;37;4056.0;4.659763313609468;0.0;25.17
salamanca;amenazas_y_coacciones;2025;141.0;328446;Castilla y León;0.4307982623577118;37;4056.0;3.476331360946745;0.0;-6.62
salamanca;contra_el_honor;2025;10.0;328446;Castilla y León;0.0293801948428154;37;4056.0;0.2465483234714004;0.0;0.0
salamanca;contra_la_propiedad_industrial/intelectual;2025;2.0;328446;Castilla y León;0.0060618240386247;37;4056.0;0.04930966469428;0.0;0.0
salamanca;delitos_sexuales;2025;8.0;328446;Castilla y León;0.0248928889632225;37;4056.0;0.1972386587771203;0.0;-11.11
salamanca;falsificacion_informatica;2025;286.0;328446;Castilla y León;0.8704288005828857;37;4056.0;7.051282051282051;0.0;0.0
salamanca;interferencia_en_los_datos_y_en_el_sistema;2025;33.0;328446;Castilla y León;0.0995360687375068;37;4056.0;0.8136094674556213;0.0;3.12
santa_cruz_de_tenerife;acceso__e_interceptacion_ilicita;2025;189.0;1087319;Canarias;0.1736624240875244;38;8636.0;2.1885132005558128;0.0;26.0
santa_cruz_de_tenerife;amenazas_y_coacciones;2025;375.0;1087319;Canarias;0.3447968959808349;38;8636.0;4.342288096340899;0.0;1.35
santa_cruz_de_tenerife;contra_el_honor;2025;9.0;1087319;Canarias;0.0080814249813556;38;8636.0;0.1042149143121815;0.0;-30.77
santa_cruz_de_tenerife;contra_la_propiedad_industrial/intelectual;2025;0.0;1087319;Canarias;0.0;38;8636.0;0.0;0.0;-100.0
santa_cruz_de_tenerife;delitos_sexuales;2025;31.0;1087319;Canarias;0.028292953968048;38;8636.0;0.3589624826308476;0.0;-6.06
santa_cruz_de_tenerife;falsificacion_informatica;2025;378.0;1087319;Canarias;0.3477972149848938;38;8636.0;4.3770264011116256;0.0;32.63
santa_cruz_de_tenerife;interferencia_en_los_datos_y_en_el_sistema;2025;29.0;1087319;Canarias;0.0269082151353359;38;8636.0;0.3358036127836961;0.0;7.41
segovia;acceso__e_interceptacion_ilicita;2025;19.0;158251;Castilla y León;0.1175361275672912;40;1915.0;0.9921671018276762;0.0;0.0
segovia;amenazas_y_coacciones;2025;64.0;158251;Castilla y León;0.4058953821659088;40;1915.0;3.342036553524804;0.0;-9.86
segovia;contra_el_honor;2025;5.0;158251;Castilla y León;0.031602393835783;40;1915.0;0.2610966057441253;0.0;0.0
segovia;contra_la_propiedad_industrial/intelectual;2025;1.0;158251;Castilla y León;0.0031694972421973;40;1915.0;0.052219321148825;0.0;0.0
segovia;delitos_sexuales;2025;3.0;158251;Castilla y León;0.0199124217033386;40;1915.0;0.1566579634464752;0.0;-25.0
segovia;falsificacion_informatica;2025;72.0;158251;Castilla y León;0.4522705674171448;40;1915.0;3.759791122715405;0.0;-1.37
segovia;interferencia_en_los_datos_y_en_el_sistema;2025;2.0;158251;Castilla y León;0.0133331650868058;40;1915.0;0.1044386422976501;0.0;0.0
sevilla;acceso__e_interceptacion_ilicita;2025;728.0;1977664;Andalucía;0.3683203458786011;41;21480.0;3.3891992551210426;0.0;20.93
sevilla;amenazas_y_coacciones;2025;1101.0;1977664;Andalucía;0.5569438934326172;41;21480.0;5.125698324022347;0.0;2.8
sevilla;contra_el_honor;2025;87.0;1977664;Andalucía;0.0439422167837619;41;21480.0;0.4050279329608938;0.0;-2.25
sevilla;contra_la_propiedad_industrial/intelectual;2025;8.0;1977664;Andalucía;0.0041069099679589;41;21480.0;0.0372439478584729;0.0;100.0
sevilla;delitos_sexuales;2025;74.0;1977664;Andalucía;0.0376355051994323;41;21480.0;0.3445065176908752;0.0;-8.64
sevilla;falsificacion_informatica;2025;488.0;1977664;Andalucía;0.2468670904636383;41;21480.0;2.271880819366853;0.0;18.45
sevilla;interferencia_en_los_datos_y_en_el_sistema;2025;111.0;1977664;Andalucía;0.0561367906630039;41;21480.0;0.5167597765363128;0.0;0.0
soria;acceso__e_interceptacion_ilicita;2025;9.0;90183;Castilla y León;0.0955738350749015;42;1037.0;0.8678881388621021;0.0;0.0
soria;amenazas_y_coacciones;2025;36.0;90183;Castilla y León;0.39698326587677;42;1037.0;3.471552555448409;0.0;-7.69
soria;contra_el_honor;2025;8.0;90183;Castilla y León;0.088286355137825;42;1037.0;0.7714561234329798;0.0;33.33
soria;contra_la_propiedad_industrial/intelectual;2025;0.0;90183;Castilla y León;0.0028902615886181;42;1037.0;0.0;0.0;0.0
soria;delitos_sexuales;2025;1.0;90183;Castilla y León;0.0095644742250442;42;1037.0;0.0964320154291224;0.0;0.0
soria;falsificacion_informatica;2025;58.0;90183;Castilla y León;0.6420629024505615;42;1037.0;5.593056894889104;0.0;7.41
soria;interferencia_en_los_datos_y_en_el_sistema;2025;6.0;90183;Castilla y León;0.0691041722893714;42;1037.0;0.5785920925747349;0.0;0.0
tarragona;acceso__e_interceptacion_ilicita;2025;62.0;875530;Cataluña;0.0706249475479126;43;8794.0;0.7050261541960428;0.0;-3.12
tarragona;amenazas_y_coacciones;2025;100.0;875530;Cataluña;0.1146934628486633;43;8794.0;1.137138958380714;0.0;13.64
tarragona;contra_el_honor;2025;1.0;875530;Cataluña;0.0008997728582471;43;8794.0;0.0113713895838071;0.0;0.0
tarragona;contra_la_propiedad_industrial/intelectual;2025;3.0;875530;Cataluña;0.0030698969494551;43;8794.0;0.0341141687514214;0.0;200.0
tarragona;delitos_sexuales;2025;18.0;875530;Cataluña;0.0207966938614845;43;8794.0;0.2046850125085285;0.0;5.88
tarragona;falsificacion_informatica;2025;692.0;875530;Cataluña;0.7906583547592163;43;8794.0;7.869001591994541;0.0;33.08
tarragona;interferencia_en_los_datos_y_en_el_sistema;2025;7.0;875530;Cataluña;0.0075048119761049;43;8794.0;0.0795997270866499;0.0;16.67
teruel;acceso__e_interceptacion_ilicita;2025;10.0;136091;Aragón;0.0735347941517829;44;1457.0;0.6863417982155113;0.0;0.0
teruel;amenazas_y_coacciones;2025;74.0;136091;Aragón;0.5457615256309509;44;1457.0;5.078929306794784;0.0;-1.33
teruel;contra_el_honor;2025;4.0;136091;Aragón;0.0318970903754234;44;1457.0;0.2745367192862045;0.0;0.0
teruel;contra_la_propiedad_industrial/intelectual;2025;1.0;136091;Aragón;0.0063129938207566;44;1457.0;0.0686341798215511;0.0;0.0
teruel;delitos_sexuales;2025;6.0;136091;Aragón;0.0428347252309322;44;1457.0;0.4118050789293068;0.0;50.0
teruel;falsificacion_informatica;2025;86.0;136091;Aragón;0.6308546662330627;44;1457.0;5.9025394646533975;0.0;30.3
teruel;interferencia_en_los_datos_y_en_el_sistema;2025;6.0;136091;Aragón;0.0454190708696842;44;1457.0;0.4118050789293068;0.0;0.0
toledo;acceso__e_interceptacion_ilicita;2025;172.0;755081;Castilla-La Mancha;0.2275026440620422;45;7072.0;2.4321266968325794;0.0;39.84
toledo;amenazas_y_coacciones;2025;289.0;755081;Castilla-La Mancha;0.3823375999927521;45;7072.0;4.086538461538462;0.0;-13.21
toledo;contra_el_honor;2025;26.0;755081;Castilla-La Mancha;0.0339464098215103;45;7072.0;0.3676470588235294;0.0;-3.7
toledo;contra_la_propiedad_industrial/intelectual;2025;2.0;755081;Castilla-La Mancha;0.003102502785623;45;7072.0;0.0282805429864253;0.0;0.0
toledo;delitos_sexuales;2025;27.0;755081;Castilla-La Mancha;0.035279307514429;45;7072.0;0.381787330316742;0.0;8.0
toledo;falsificacion_informatica;2025;389.0;755081;Castilla-La Mancha;0.5151172876358032;45;7072.0;5.500565610859728;0.0;0.52
toledo;interferencia_en_los_datos_y_en_el_sistema;2025;20.0;755081;Castilla-La Mancha;0.0262504052370786;45;7072.0;0.2828054298642534;0.0;11.11
valencia;acceso__e_interceptacion_ilicita;2025;548.0;2763996;C. Valenciana;0.1984163373708725;46;25823.0;2.122139178251946;0.0;12.99
valencia;amenazas_y_coacciones;2025;865.0;2763996;C. Valenciana;0.3131328821182251;46;25823.0;3.349726987569221;0.0;-6.89
valencia;contra_el_honor;2025;60.0;2763996;C. Valenciana;0.0216505583375692;46;25823.0;0.2323510049180962;0.0;0.0
valencia;contra_la_propiedad_industrial/intelectual;2025;21.0;2763996;C. Valenciana;0.0077660595998167;46;25823.0;0.0813228517213337;0.0;5.0
valencia;delitos_sexuales;2025;104.0;2763996;C. Valenciana;0.0374647416174411;46;25823.0;0.4027417418580336;0.0;1.96
valencia;falsificacion_informatica;2025;1134.0;2763996;C. Valenciana;0.4102261066436767;46;25823.0;4.391433992952019;0.0;-7.73
valencia;interferencia_en_los_datos_y_en_el_sistema;2025;190.0;2763996;C. Valenciana;0.068879134953022;46;25823.0;0.7357781822406382;0.0;6.15
valladolid;acceso__e_interceptacion_ilicita;2025;164.0;528644;Castilla y León;0.3095541894435882;47;6245.0;2.626100880704564;0.0;15.49
valladolid;amenazas_y_coacciones;2025;217.0;528644;Castilla y León;0.4099480807781219;47;6245.0;3.4747798238590875;0.0;-3.98
valladolid;contra_el_honor;2025;16.0;528644;Castilla y León;0.0296529456973075;47;6245.0;0.2562049639711769;0.0;14.29
valladolid;contra_la_propiedad_industrial/intelectual;2025;2.0;528644;Castilla y León;0.0046097468584775;47;6245.0;0.0320256204963971;0.0;100.0
valladolid;delitos_sexuales;2025;14.0;528644;Castilla y León;0.0269326716661453;47;6245.0;0.2241793434747798;0.0;7.69
valladolid;falsificacion_informatica;2025;279.0;528644;Castilla y León;0.5282619595527649;47;6245.0;4.467574059247398;0.0;2.95
valladolid;interferencia_en_los_datos_y_en_el_sistema;2025;63.0;528644;Castilla y León;0.118672490119934;47;6245.0;1.0088070456365092;0.0;-5.97
zamora;acceso__e_interceptacion_ilicita;2025;26.0;165564;Castilla y León;0.1549058854579925;49;1485.0;1.7508417508417509;0.0;13.04
zamora;amenazas_y_coacciones;2025;67.0;165564;Castilla y León;0.4057098925113678;49;1485.0;4.511784511784512;0.0;1.52
zamora;contra_el_honor;2025;5.0;165564;Castilla y León;0.0298888143151998;49;1485.0;0.3367003367003366;0.0;0.0
zamora;contra_la_propiedad_industrial/intelectual;2025;0.0;165564;Castilla y León;0.0005389503203332;49;1485.0;0.0;0.0;0.0
zamora;delitos_sexuales;2025;4.0;165564;Castilla y León;0.0245006941258907;49;1485.0;0.2693602693602693;0.0;0.0
zamora;falsificacion_informatica;2025;57.0;165564;Castilla y León;0.3466123938560486;49;1485.0;3.8383838383838382;0.0;0.0
zamora;interferencia_en_los_datos_y_en_el_sistema;2025;7.0;165564;Castilla y León;0.03934758156538;49;1485.0;0.4713804713804713;0.0;40.0
zaragoza;acceso__e_interceptacion_ilicita;2025;251.0;998443;Aragón;0.2517924308776855;50;9419.0;2.6648264146937044;0.0;26.77
zaragoza;amenazas_y_coacciones;2025;346.0;998443;Aragón;0.3461997210979461;50;9419.0;3.673426053721202;0.0;-9.19
zaragoza;contra_el_honor;2025;17.0;998443;Aragón;0.0173784866929054;50;9419.0;0.1804862511943943;0.0;0.0
zaragoza;contra_la_propiedad_industrial/intelectual;2025;12.0;998443;Aragón;0.0124369608238339;50;9419.0;0.1274020596666313;0.0;50.0
zaragoza;delitos_sexuales;2025;23.0;998443;Aragón;0.0227344240993261;50;9419.0;0.2441872810277099;0.0;-4.17
zaragoza;falsificacion_informatica;2025;335.0;998443;Aragón;0.3357216715812683;50;9419.0;3.556640832360123;0.0;7.72
zaragoza;interferencia_en_los_datos_y_en_el_sistema;2025;19.0;998443;Aragón;0.0193372871726751;50;9419.0;0.2017199278054995;0.0;-13.64
