codigo_ine;Provincias;Grupo penal;periodo;Total_Hechos;Poblacion_Provincial;CCAA;Tasa_Criminalidad;Peso_Fraude;VAR_pct
02;albacete;fraude_informatico;2022;2966;387529;Castilla-La Mancha;7.6536;89.66142684401451;
02;albacete;fraude_informatico;2023;3229;389070;Castilla-La Mancha;8.2993;89.29756637168141;8.867161159811188
02;albacete;fraude_informatico;2024;3012;390751;Castilla-La Mancha;7.7082;86.25429553264605;-6.720346856611958
03;alicante;fraude_informatico;2022;11280;1955268;C. Valenciana;5.769;86.27151051625239;
03;alicante;fraude_informatico;2023;15789;1993289;C. Valenciana;7.9211;88.1574539363484;39.973404255319146
03;alicante;fraude_informatico;2024;15484;2033566;C. Valenciana;7.6142;86.44001563110591;-1.9317246184052173
04;almeria;fraude_informatico;2022;3041;753364;Andalucía;4.0366;87.3097904105656;
04;almeria;fraude_informatico;2023;4414;760964;Andalucía;5.8005;88.68796463733173;45.149621834922726
04;almeria;fraude_informatico;2024;5226;770554;Andalucía;6.7821;88.21742066171507;18.396012686905294
01;araba;fraude_informatico;2022;3186;336308;País Vasco;9.4735;89.46925021061499;
01;araba;fraude_informatico;2023;4139;338594;País Vasco;12.2241;88.95336342144853;29.912115505335834
01;araba;fraude_informatico;2024;3953;341961;País Vasco;11.5598;89.03153153153153;-4.493839091568008
33;asturias;fraude_informatico;2022;7661;1006060;Asturias;7.6149;89.49766355140187;
33;asturias;fraude_informatico;2023;7897;1009599;Asturias;7.8219;91.3159111933395;3.0805377888004193
33;asturias;fraude_informatico;2024;8117;1015128;Asturias;7.996;88.39159316127628;2.7858680511586575
05;avila;fraude_informatico;2022;1094;159764;Castilla y León;6.8476;89.81937602627258;
05;avila;fraude_informatico;2023;1684;160463;Castilla y León;10.4946;91.57150625339858;53.93053016453382
05;avila;fraude_informatico;2024;1626;160738;Castilla y León;10.1158;91.6056338028169;-3.444180522565321
06;badajoz;fraude_informatico;2022;4423;666049;Extremadura;6.6407;86.94712011008453;
06;badajoz;fraude_informatico;2023;4809;666029;Extremadura;7.2204;84.62079887383425;8.727108297535601
06;badajoz;fraude_informatico;2024;4669;665155;Extremadura;7.0194;81.00277585010409;-2.911208151382827
07;balears;fraude_informatico;2022;7452;1209906;Islas Baleares;6.1592;85.64532812320424;
07;balears;fraude_informatico;2023;10299;1231768;Islas Baleares;8.3612;89.67348715716152;38.204508856682764
07;balears;fraude_informatico;2024;11491;1249844;Islas Baleares;9.1939;88.71303945032038;11.573939217399754
08;barcelona;fraude_informatico;2022;45021;5797356;Cataluña;7.7658;96.7922946273085;
08;barcelona;fraude_informatico;2023;53494;5877672;Cataluña;9.1012;97.33437653523535;18.820106172674976
08;barcelona;fraude_informatico;2024;53332;5959941;Cataluña;8.9484;95.29527383185919;-0.3028377014244632
48;bizkaia;fraude_informatico;2022;10103;1153282;País Vasco;8.7602;89.5894298128935;
48;bizkaia;fraude_informatico;2023;13061;1159368;País Vasco;11.2656;90.13802622498275;29.278432148866674
48;bizkaia;fraude_informatico;2024;12056;1167233;País Vasco;10.3287;89.34341188676449;-7.694663502028942
09;burgos;fraude_informatico;2022;2505;357370;Castilla y León;7.0095;88.76683203401842;
09;burgos;fraude_informatico;2023;3205;359740;Castilla y León;8.9092;90.02808988764045;27.944111776447112
09;burgos;fraude_informatico;2024;3000;362663;Castilla y León;8.2721;89.41877794336811;-6.396255850234011
10;caceres;fraude_informatico;2022;2154;388257;Extremadura;5.5479;88.2425235559197;
10;caceres;fraude_informatico;2023;2640;388652;Extremadura;6.7927;84.18367346938776;22.562674094707514
10;caceres;fraude_informatico;2024;2381;388190;Extremadura;6.1336;76.98027804720337;-9.810606060606064
11;cadiz;fraude_informatico;2022;8982;1254866;Andalucía;7.1577;87.15311469047157;
11;cadiz;fraude_informatico;2023;11370;1258730;Andalucía;9.0329;88.33812446585347;26.586506346025374
11;cadiz;fraude_informatico;2024;10821;1261420;Andalucía;8.5784;85.62272511473334;-4.828496042216357
39;cantabria;fraude_informatico;2022;4349;588387;Cantabria;7.3914;90.49105285060341;
39;cantabria;fraude_informatico;2023;5428;590851;Cantabria;9.1867;90.95174262734585;24.81030121867096
39;cantabria;fraude_informatico;2024;5774;593623;Cantabria;9.7267;88.34149326805385;6.37435519528371
12;castellon;fraude_informatico;2022;2137;604086;C. Valenciana;3.5376;82.95807453416148;
12;castellon;fraude_informatico;2023;3557;615188;C. Valenciana;5.782;89.86862051541182;66.44829199812821
12;castellon;fraude_informatico;2024;3782;627620;C. Valenciana;6.0259;87.28363720286177;6.325555243182457
51;ceuta;fraude_informatico;2022;469;83052;Ceuta;5.6471;82.71604938271605;
51;ceuta;fraude_informatico;2023;514;83179;Ceuta;6.1794;86.82432432432432;9.594882729211097
51;ceuta;fraude_informatico;2024;497;83567;Ceuta;5.9473;83.9527027027027;-3.3073929961089488
13;ciudad_real;fraude_informatico;2022;2880;491927;Castilla-La Mancha;5.8545;88.80666049953746;
13;ciudad_real;fraude_informatico;2023;3190;492948;Castilla-La Mancha;6.4713;90.06211180124224;10.763888888888884
13;ciudad_real;fraude_informatico;2024;3047;494848;Castilla-La Mancha;6.1574;90.12126589766342;-4.482758620689653
14;cordoba;fraude_informatico;2022;4632;775002;Andalucía;5.9768;85.55596601403768;
14;cordoba;fraude_informatico;2023;6732;774313;Andalucía;8.6942;87.77053455019556;45.336787564766844
14;cordoba;fraude_informatico;2024;6462;773163;Andalucía;8.3579;86.79650772330423;-4.01069518716578
15;coruna;fraude_informatico;2022;7434;1123884;Galicia;6.6146;88.11188811188812;
15;coruna;fraude_informatico;2023;7639;1128449;Galicia;6.7695;85.79290206648697;2.7576002152273293
15;coruna;fraude_informatico;2024;8452;1135623;Galicia;7.4426;84.71484414152552;10.642754287210376
16;cuenca;fraude_informatico;2022;1411;198436;Castilla-La Mancha;7.1106;89.36035465484484;
16;cuenca;fraude_informatico;2023;1536;199025;Castilla-La Mancha;7.7176;89.98242530755711;8.858965272856123
16;cuenca;fraude_informatico;2024;1308;199859;Castilla-La Mancha;6.5446;87.78523489932886;-14.84375
20;gipuzkoa;fraude_informatico;2022;5572;726712;País Vasco;7.6674;91.81084198385237;
20;gipuzkoa;fraude_informatico;2023;7895;729722;País Vasco;10.8192;90.1152836434197;41.69059583632448
20;gipuzkoa;fraude_informatico;2024;6882;733149;País Vasco;9.3869;89.07584778669428;-12.830905636478784
17;girona;fraude_informatico;2022;6833;808672;Cataluña;8.4497;95.99606631076145;
17;girona;fraude_informatico;2023;8397;821108;Cataluña;10.2264;96.73963133640552;22.88892141080052
17;girona;fraude_informatico;2024;7652;830429;Cataluña;9.2145;95.6739184796199;-8.872216267714661
18;granada;fraude_informatico;2022;4700;934072;Andalucía;5.0317;86.57211272794252;
18;granada;fraude_informatico;2023;8978;939741;Andalucía;9.5537;90.3491999597464;91.02127659574468
18;granada;fraude_informatico;2024;8275;945797;Andalucía;8.7492;87.28902953586498;-7.830251726442416
19;guadalajara;fraude_informatico;2022;1551;275082;Castilla-La Mancha;5.6383;86.07103218645949;
19;guadalajara;fraude_informatico;2023;3096;280225;Castilla-La Mancha;11.0483;91.0856134157105;99.61315280464216
19;guadalajara;fraude_informatico;2024;2823;285839;Castilla-La Mancha;9.8762;91.06451612903226;-8.817829457364345
21;huelva;fraude_informatico;2022;1681;534084;Andalucía;3.1474;80.77847188851514;
21;huelva;fraude_informatico;2023;3004;535734;Andalucía;5.6073;88.56132075471697;78.7031528851874
21;huelva;fraude_informatico;2024;3118;538789;Andalucía;5.7871;87.880496054115;3.794940079893472
22;huesca;fraude_informatico;2022;1389;226878;Aragón;6.1222;90.25341130604289;
22;huesca;fraude_informatico;2023;1876;228519;Aragón;8.2094;88.78371982962612;35.06119510439165
22;huesca;fraude_informatico;2024;2006;230087;Aragón;8.7184;87.4074074074074;6.929637526652455
23;jaen;fraude_informatico;2022;3207;620637;Andalucía;5.1673;85.70283270978086;
23;jaen;fraude_informatico;2023;5034;619055;Andalucía;8.1317;91.09663409337676;56.96913002806361
23;jaen;fraude_informatico;2024;4397;618143;Andalucía;7.1132;88.18692338547935;-12.653953118792217
24;leon;fraude_informatico;2022;3373;448573;Castilla y León;7.5194;89.77907905243545;
24;leon;fraude_informatico;2023;3858;447802;Castilla y León;8.6154;88.60817638952688;14.378891194782085
24;leon;fraude_informatico;2024;3966;448030;Castilla y León;8.8521;87.64640883977901;2.7993779160186527
25;lleida;fraude_informatico;2022;3847;447343;Cataluña;8.5997;94.49766642102676;
25;lleida;fraude_informatico;2023;4517;451707;Cataluña;9.9998;95.19494204425712;17.41616844294256
25;lleida;fraude_informatico;2024;4003;458226;Cataluña;8.7359;93.81298336067495;-11.379234004870487
27;lugo;fraude_informatico;2022;1771;324267;Galicia;5.4615;91.71413775245986;
27;lugo;fraude_informatico;2023;1798;325048;Galicia;5.5315;87.70731707317073;1.5245623941276154
27;lugo;fraude_informatico;2024;2037;326022;Galicia;6.248;87.23768736616702;13.292547274749712
28;madrid;fraude_informatico;2022;57794;6871903;Madrid;8.4102;90.64587973273942;
28;madrid;fraude_informatico;2023;71534;7009268;Madrid;10.2056;90.68597000545124;23.774094196629413
28;madrid;fraude_informatico;2024;65361;7113886;Madrid;9.1878;88.9543666725642;-8.629462912740793
29;malaga;fraude_informatico;2022;10230;1752728;Andalucía;5.8366;86.23451066340724;
29;malaga;fraude_informatico;2023;16241;1774701;Andalucía;9.1514;90.26288000889234;58.75855327468231
29;malaga;fraude_informatico;2024;15955;1791183;Andalucía;8.9075;87.96934443402988;-1.7609753094021352
52;melilla;fraude_informatico;2022;329;85493;Melilla;3.8483;81.23456790123457;
52;melilla;fraude_informatico;2023;409;85985;Melilla;4.7566;85.03118503118503;24.316109422492403
52;melilla;fraude_informatico;2024;458;87067;Melilla;5.2603;83.12159709618875;11.980440097799505
30;murcia;fraude_informatico;2022;8651;1551692;Murcia;5.5752;86.76160866512888;
30;murcia;fraude_informatico;2023;12310;1568492;Murcia;7.8483;89.54029677043933;42.295688359727194
30;murcia;fraude_informatico;2024;11558;1586989;Murcia;7.283;87.19728404375708;-6.108854589764423
31;navarra;fraude_informatico;2022;4816;672155;Navarra;7.165;87.57955991998546;
31;navarra;fraude_informatico;2023;6576;678333;Navarra;9.6944;87.97324414715719;36.54485049833887
31;navarra;fraude_informatico;2024;6090;683854;Navarra;8.9054;87.09954233409611;-7.390510948905105
32;ourense;fraude_informatico;2022;2217;304563;Galicia;7.2793;88.2915173237754;
32;ourense;fraude_informatico;2023;1905;304467;Galicia;6.2568;84.59147424511545;-14.073071718538566
32;ourense;fraude_informatico;2024;1842;305278;Galicia;6.0338;83.01036502929247;-3.307086614173227
34;palencia;fraude_informatico;2022;1274;157787;Castilla y León;8.0742;91.52298850574712;
34;palencia;fraude_informatico;2023;1324;158063;Castilla y León;8.3764;92.07232267037551;3.9246467817896313
34;palencia;fraude_informatico;2024;1432;158702;Castilla y León;9.0232;87.3170731707317;8.157099697885206
35;palmas;fraude_informatico;2022;6853;1145843;Canarias;5.9807;85.08815495406009;
35;palmas;fraude_informatico;2023;9152;1159890;Canarias;7.8904;88.48496567726966;33.54735152487962
35;palmas;fraude_informatico;2024;8401;1171547;Canarias;7.1709;88.30145049400883;-8.205856643356647
36;pontevedra;fraude_informatico;2022;7034;946710;Galicia;7.4299;87.54200373366523;
36;pontevedra;fraude_informatico;2023;7379;947869;Galicia;7.7848;86.53688284273484;4.9047483650838775
36;pontevedra;fraude_informatico;2024;7701;947818;Galicia;8.125;84.12715752676425;4.363734923431362
26;rioja;fraude_informatico;2022;2152;322282;La Rioja;6.6774;88.4504726674887;
26;rioja;fraude_informatico;2023;2021;324184;La Rioja;6.2341;85.4906937394247;-6.087360594795543
26;rioja;fraude_informatico;2024;1868;326803;La Rioja;5.716;80.79584775086505;-7.570509648688772
37;salamanca;fraude_informatico;2022;3002;327089;Castilla y León;9.1779;85.57582668187001;
37;salamanca;fraude_informatico;2023;3221;327552;Castilla y León;9.8336;84.74085766903447;7.295136575616246
37;salamanca;fraude_informatico;2024;3167;328446;Castilla y León;9.6424;83.1670168067227;-1.6764979819931747
38;santa_cruz_de_tenerife;fraude_informatico;2022;4846;1067173;Canarias;4.541;86.07460035523978;
38;santa_cruz_de_tenerife;fraude_informatico;2023;6600;1078864;Canarias;6.1175;90.06550218340611;36.1947998349154
38;santa_cruz_de_tenerife;fraude_informatico;2024;6363;1087319;Canarias;5.852;87.85033825762805;-3.590909090909089
40;segovia;fraude_informatico;2022;1110;155332;Castilla y León;7.146;85.38461538461539;
40;segovia;fraude_informatico;2023;1655;156620;Castilla y León;10.567;89.21832884097036;49.09909909909911
40;segovia;fraude_informatico;2024;1731;158251;Castilla y León;10.9383;90.86614173228347;4.592145015105742
41;sevilla;fraude_informatico;2022;12850;1959394;Andalucía;6.5582;88.07402330363261;
41;sevilla;fraude_informatico;2023;17022;1968624;Andalucía;8.6466;89.77374611043722;32.466926070038916
41;sevilla;fraude_informatico;2024;16998;1977664;Andalucía;8.595;87.7633209417596;-0.14099400775466897
42;soria;fraude_informatico;2022;961;89528;Castilla y León;10.7341;92.13806327900288;
42;soria;fraude_informatico;2023;1120;90073;Castilla y León;12.4344;91.27954360228199;16.545265348595215
42;soria;fraude_informatico;2024;893;90183;Castilla y León;9.9021;88.59126984126983;-20.26785714285714
43;tarragona;fraude_informatico;2022;5906;848592;Cataluña;6.9598;95.64372469635629;
43;tarragona;fraude_informatico;2023;7586;861744;Cataluña;8.8031;96.89615531996424;28.445648493057906
43;tarragona;fraude_informatico;2024;7152;875530;Cataluña;8.1688;91.11988788380685;-5.721065119957814
44;teruel;fraude_informatico;2022;775;135046;Aragón;5.7388;90.74941451990632;
44;teruel;fraude_informatico;2023;1154;135309;Aragón;8.5286;89.52676493405741;48.90322580645161
44;teruel;fraude_informatico;2024;1129;136091;Aragón;8.2959;87.18146718146717;-2.166377816291165
45;toledo;fraude_informatico;2022;4800;731112;Castilla-La Mancha;6.5653;83.96011894350184;
45;toledo;fraude_informatico;2023;6284;743165;Castilla-La Mancha;8.4557;87.37486095661846;30.916666666666657
45;toledo;fraude_informatico;2024;5848;755081;Castilla-La Mancha;7.7449;86.47050125683869;-6.938255887969447
46;valencia;fraude_informatico;2022;15623;2656841;C. Valenciana;5.8803;85.12040971995205;
46;valencia;fraude_informatico;2023;21967;2710808;C. Valenciana;8.1035;87.19831692600826;40.60679767010178
46;valencia;fraude_informatico;2024;21457;2763996;C. Valenciana;7.763;87.7192265238543;-2.321664314653804
47;valladolid;fraude_informatico;2022;4775;521333;Castilla y León;9.1592;90.3671461014383;
47;valladolid;fraude_informatico;2023;5393;525116;Castilla y León;10.2701;89.00808714309292;12.942408376963343
47;valladolid;fraude_informatico;2024;5339;528644;Castilla y León;10.0994;87.91371644986003;-1.0012979788614818
49;zamora;fraude_informatico;2022;874;166927;Castilla y León;5.2358;89.36605316973414;
49;zamora;fraude_informatico;2023;1262;166253;Castilla y León;7.5908;89.31351733899504;44.39359267734553
49;zamora;fraude_informatico;2024;1212;165564;Castilla y León;7.3204;88.33819241982506;-3.961965134706813
50;zaragoza;fraude_informatico;2022;6568;979365;Aragón;6.7064;90.88141690881417;
50;zaragoza;fraude_informatico;2023;7861;987763;Aragón;7.9584;89.50244791073665;19.6863580998782
50;zaragoza;fraude_informatico;2024;7946;998443;Aragón;7.9584;89.21073313124509;1.0812873680193347
