Provincias;Grupo penal;periodo;Total_Hechos;Poblacion_Provincial;CCAA;Tasa_Criminalidad
araba;acceso__e_interceptacion_ilicita;2024;32;341961;País Vasco;0.0936
araba;acceso__e_interceptacion_ilicita;2023;49;338594;País Vasco;0.1447
araba;acceso__e_interceptacion_ilicita;2022;38;336308;País Vasco;0.113
araba;amenazas_y_coacciones;2024;236;341961;País Vasco;0.6901
araba;amenazas_y_coacciones;2023;232;338594;País Vasco;0.6852
araba;amenazas_y_coacciones;2022;116;336308;País Vasco;0.3449
araba;contra_el_honor;2024;0;341961;País Vasco;0.0
araba;contra_el_honor;2023;0;338594;País Vasco;0.0
araba;contra_el_honor;2022;1;336308;País Vasco;0.003
araba;contra_la_propiedad_industrial/intelectual;2024;0;341961;País Vasco;0.0
araba;contra_la_propiedad_industrial/intelectual;2023;2;338594;País Vasco;0.0059
araba;contra_la_propiedad_industrial/intelectual;2022;0;336308;País Vasco;0.0
araba;delitos_sexuales;2024;18;341961;País Vasco;0.0526
araba;delitos_sexuales;2023;25;338594;País Vasco;0.0738
araba;delitos_sexuales;2022;5;336308;País Vasco;0.0149
araba;falsificacion_informatica;2024;197;341961;País Vasco;0.5761
araba;falsificacion_informatica;2023;201;338594;País Vasco;0.5936
araba;falsificacion_informatica;2022;205;336308;País Vasco;0.6096
araba;fraude_informatico;2024;3953;341961;País Vasco;11.5598
araba;fraude_informatico;2023;4139;338594;País Vasco;12.2241
araba;fraude_informatico;2022;3186;336308;País Vasco;9.4735
araba;interferencia_en_los_datos_y_en_el_sistema;2024;4;341961;País Vasco;0.0117
araba;interferencia_en_los_datos_y_en_el_sistema;2023;5;338594;País Vasco;0.0148
araba;interferencia_en_los_datos_y_en_el_sistema;2022;10;336308;País Vasco;0.0297
albacete;acceso__e_interceptacion_ilicita;2024;84;390751;Castilla-La Mancha;0.215
albacete;acceso__e_interceptacion_ilicita;2023;47;389070;Castilla-La Mancha;0.1208
albacete;acceso__e_interceptacion_ilicita;2022;57;387529;Castilla-La Mancha;0.1471
albacete;amenazas_y_coacciones;2024;151;390751;Castilla-La Mancha;0.3864
albacete;amenazas_y_coacciones;2023;158;389070;Castilla-La Mancha;0.4061
albacete;amenazas_y_coacciones;2022;144;387529;Castilla-La Mancha;0.3716
albacete;contra_el_honor;2024;17;390751;Castilla-La Mancha;0.0435
albacete;contra_el_honor;2023;16;389070;Castilla-La Mancha;0.0411
albacete;contra_el_honor;2022;15;387529;Castilla-La Mancha;0.0387
albacete;contra_la_propiedad_industrial/intelectual;2024;9;390751;Castilla-La Mancha;0.023
albacete;contra_la_propiedad_industrial/intelectual;2023;3;389070;Castilla-La Mancha;0.0077
albacete;contra_la_propiedad_industrial/intelectual;2022;5;387529;Castilla-La Mancha;0.0129
albacete;delitos_sexuales;2024;12;390751;Castilla-La Mancha;0.0307
albacete;delitos_sexuales;2023;16;389070;Castilla-La Mancha;0.0411
albacete;delitos_sexuales;2022;16;387529;Castilla-La Mancha;0.0413
albacete;falsificacion_informatica;2024;143;390751;Castilla-La Mancha;0.366
albacete;falsificacion_informatica;2023;111;389070;Castilla-La Mancha;0.2853
albacete;falsificacion_informatica;2022;78;387529;Castilla-La Mancha;0.2013
albacete;fraude_informatico;2024;3012;390751;Castilla-La Mancha;7.7082
albacete;fraude_informatico;2023;3229;389070;Castilla-La Mancha;8.2993
albacete;fraude_informatico;2022;2966;387529;Castilla-La Mancha;7.6536
albacete;interferencia_en_los_datos_y_en_el_sistema;2024;64;390751;Castilla-La Mancha;0.1638
albacete;interferencia_en_los_datos_y_en_el_sistema;2023;36;389070;Castilla-La Mancha;0.0925
albacete;interferencia_en_los_datos_y_en_el_sistema;2022;27;387529;Castilla-La Mancha;0.0697
alicante;acceso__e_interceptacion_ilicita;2024;405;2033566;C. Valenciana;0.1992
alicante;acceso__e_interceptacion_ilicita;2023;318;1993289;C. Valenciana;0.1595
alicante;acceso__e_interceptacion_ilicita;2022;198;1955268;C. Valenciana;0.1013
alicante;amenazas_y_coacciones;2024;890;2033566;C. Valenciana;0.4377
alicante;amenazas_y_coacciones;2023;853;1993289;C. Valenciana;0.4279
alicante;amenazas_y_coacciones;2022;713;1955268;C. Valenciana;0.3647
alicante;contra_el_honor;2024;38;2033566;C. Valenciana;0.0187
alicante;contra_el_honor;2023;41;1993289;C. Valenciana;0.0206
alicante;contra_el_honor;2022;45;1955268;C. Valenciana;0.023
alicante;contra_la_propiedad_industrial/intelectual;2024;20;2033566;C. Valenciana;0.0098
alicante;contra_la_propiedad_industrial/intelectual;2023;10;1993289;C. Valenciana;0.005
alicante;contra_la_propiedad_industrial/intelectual;2022;7;1955268;C. Valenciana;0.0036
alicante;delitos_sexuales;2024;85;2033566;C. Valenciana;0.0418
alicante;delitos_sexuales;2023;84;1993289;C. Valenciana;0.0421
alicante;delitos_sexuales;2022;95;1955268;C. Valenciana;0.0486
alicante;falsificacion_informatica;2024;945;2033566;C. Valenciana;0.4647
alicante;falsificacion_informatica;2023;763;1993289;C. Valenciana;0.3828
alicante;falsificacion_informatica;2022;628;1955268;C. Valenciana;0.3212
alicante;fraude_informatico;2024;15484;2033566;C. Valenciana;7.6142
alicante;fraude_informatico;2023;15789;1993289;C. Valenciana;7.9211
alicante;fraude_informatico;2022;11280;1955268;C. Valenciana;5.769
alicante;interferencia_en_los_datos_y_en_el_sistema;2024;46;2033566;C. Valenciana;0.0226
alicante;interferencia_en_los_datos_y_en_el_sistema;2023;52;1993289;C. Valenciana;0.0261
alicante;interferencia_en_los_datos_y_en_el_sistema;2022;109;1955268;C. Valenciana;0.0557
almeria;acceso__e_interceptacion_ilicita;2024;140;770554;Andalucía;0.1817
almeria;acceso__e_interceptacion_ilicita;2023;87;760964;Andalucía;0.1143
almeria;acceso__e_interceptacion_ilicita;2022;39;753364;Andalucía;0.0518
almeria;amenazas_y_coacciones;2024;284;770554;Andalucía;0.3686
almeria;amenazas_y_coacciones;2023;243;760964;Andalucía;0.3193
almeria;amenazas_y_coacciones;2022;207;753364;Andalucía;0.2748
almeria;contra_el_honor;2024;19;770554;Andalucía;0.0247
almeria;contra_el_honor;2023;8;760964;Andalucía;0.0105
almeria;contra_el_honor;2022;11;753364;Andalucía;0.0146
almeria;contra_la_propiedad_industrial/intelectual;2024;3;770554;Andalucía;0.0039
almeria;contra_la_propiedad_industrial/intelectual;2023;1;760964;Andalucía;0.0013
almeria;contra_la_propiedad_industrial/intelectual;2022;0;753364;Andalucía;0.0
almeria;delitos_sexuales;2024;25;770554;Andalucía;0.0324
almeria;delitos_sexuales;2023;51;760964;Andalucía;0.067
almeria;delitos_sexuales;2022;48;753364;Andalucía;0.0637
almeria;falsificacion_informatica;2024;214;770554;Andalucía;0.2777
almeria;falsificacion_informatica;2023;155;760964;Andalucía;0.2037
almeria;falsificacion_informatica;2022;127;753364;Andalucía;0.1686
almeria;fraude_informatico;2024;5226;770554;Andalucía;6.7821
almeria;fraude_informatico;2023;4414;760964;Andalucía;5.8005
almeria;fraude_informatico;2022;3041;753364;Andalucía;4.0366
almeria;interferencia_en_los_datos_y_en_el_sistema;2024;13;770554;Andalucía;0.0169
almeria;interferencia_en_los_datos_y_en_el_sistema;2023;18;760964;Andalucía;0.0237
almeria;interferencia_en_los_datos_y_en_el_sistema;2022;10;753364;Andalucía;0.0133
avila;acceso__e_interceptacion_ilicita;2024;16;160738;Castilla y León;0.0995
avila;acceso__e_interceptacion_ilicita;2023;10;160463;Castilla y León;0.0623
avila;acceso__e_interceptacion_ilicita;2022;7;159764;Castilla y León;0.0438
avila;amenazas_y_coacciones;2024;45;160738;Castilla y León;0.28
avila;amenazas_y_coacciones;2023;49;160463;Castilla y León;0.3054
avila;amenazas_y_coacciones;2022;48;159764;Castilla y León;0.3004
avila;contra_el_honor;2024;8;160738;Castilla y León;0.0498
avila;contra_el_honor;2023;7;160463;Castilla y León;0.0436
avila;contra_el_honor;2022;4;159764;Castilla y León;0.025
avila;contra_la_propiedad_industrial/intelectual;2024;0;160738;Castilla y León;0.0
avila;contra_la_propiedad_industrial/intelectual;2023;0;160463;Castilla y León;0.0
avila;contra_la_propiedad_industrial/intelectual;2022;0;159764;Castilla y León;0.0
avila;delitos_sexuales;2024;5;160738;Castilla y León;0.0311
avila;delitos_sexuales;2023;5;160463;Castilla y León;0.0312
avila;delitos_sexuales;2022;8;159764;Castilla y León;0.0501
avila;falsificacion_informatica;2024;72;160738;Castilla y León;0.4479
avila;falsificacion_informatica;2023;80;160463;Castilla y León;0.4986
avila;falsificacion_informatica;2022;54;159764;Castilla y León;0.338
avila;fraude_informatico;2024;1626;160738;Castilla y León;10.1158
avila;fraude_informatico;2023;1684;160463;Castilla y León;10.4946
avila;fraude_informatico;2022;1094;159764;Castilla y León;6.8476
avila;interferencia_en_los_datos_y_en_el_sistema;2024;3;160738;Castilla y León;0.0187
avila;interferencia_en_los_datos_y_en_el_sistema;2023;4;160463;Castilla y León;0.0249
avila;interferencia_en_los_datos_y_en_el_sistema;2022;3;159764;Castilla y León;0.0188
badajoz;acceso__e_interceptacion_ilicita;2024;150;665155;Extremadura;0.2255
badajoz;acceso__e_interceptacion_ilicita;2023;138;666029;Extremadura;0.2072
badajoz;acceso__e_interceptacion_ilicita;2022;73;666049;Extremadura;0.1096
badajoz;amenazas_y_coacciones;2024;360;665155;Extremadura;0.5412
badajoz;amenazas_y_coacciones;2023;312;666029;Extremadura;0.4684
badajoz;amenazas_y_coacciones;2022;249;666049;Extremadura;0.3738
badajoz;contra_el_honor;2024;41;665155;Extremadura;0.0616
badajoz;contra_el_honor;2023;32;666029;Extremadura;0.048
badajoz;contra_el_honor;2022;19;666049;Extremadura;0.0285
badajoz;contra_la_propiedad_industrial/intelectual;2024;1;665155;Extremadura;0.0015
badajoz;contra_la_propiedad_industrial/intelectual;2023;3;666029;Extremadura;0.0045
badajoz;contra_la_propiedad_industrial/intelectual;2022;2;666049;Extremadura;0.003
badajoz;delitos_sexuales;2024;26;665155;Extremadura;0.0391
badajoz;delitos_sexuales;2023;31;666029;Extremadura;0.0465
badajoz;delitos_sexuales;2022;21;666049;Extremadura;0.0315
badajoz;falsificacion_informatica;2024;500;665155;Extremadura;0.7517
badajoz;falsificacion_informatica;2023;338;666029;Extremadura;0.5075
badajoz;falsificacion_informatica;2022;280;666049;Extremadura;0.4204
badajoz;fraude_informatico;2024;4669;665155;Extremadura;7.0194
badajoz;fraude_informatico;2023;4809;666029;Extremadura;7.2204
badajoz;fraude_informatico;2022;4423;666049;Extremadura;6.6407
badajoz;interferencia_en_los_datos_y_en_el_sistema;2024;17;665155;Extremadura;0.0256
badajoz;interferencia_en_los_datos_y_en_el_sistema;2023;20;666029;Extremadura;0.03
badajoz;interferencia_en_los_datos_y_en_el_sistema;2022;20;666049;Extremadura;0.03
balears;acceso__e_interceptacion_ilicita;2024;246;1249844;Islas Baleares;0.1968
balears;acceso__e_interceptacion_ilicita;2023;215;1231768;Islas Baleares;0.1745
balears;acceso__e_interceptacion_ilicita;2022;240;1209906;Islas Baleares;0.1984
balears;amenazas_y_coacciones;2024;659;1249844;Islas Baleares;0.5273
balears;amenazas_y_coacciones;2023;573;1231768;Islas Baleares;0.4652
balears;amenazas_y_coacciones;2022;567;1209906;Islas Baleares;0.4686
balears;contra_el_honor;2024;25;1249844;Islas Baleares;0.02
balears;contra_el_honor;2023;28;1231768;Islas Baleares;0.0227
balears;contra_el_honor;2022;29;1209906;Islas Baleares;0.024
balears;contra_la_propiedad_industrial/intelectual;2024;1;1249844;Islas Baleares;0.0008
balears;contra_la_propiedad_industrial/intelectual;2023;4;1231768;Islas Baleares;0.0032
balears;contra_la_propiedad_industrial/intelectual;2022;1;1209906;Islas Baleares;0.0008
balears;delitos_sexuales;2024;57;1249844;Islas Baleares;0.0456
balears;delitos_sexuales;2023;60;1231768;Islas Baleares;0.0487
balears;delitos_sexuales;2022;60;1209906;Islas Baleares;0.0496
balears;falsificacion_informatica;2024;433;1249844;Islas Baleares;0.3464
balears;falsificacion_informatica;2023;258;1231768;Islas Baleares;0.2095
balears;falsificacion_informatica;2022;313;1209906;Islas Baleares;0.2587
balears;fraude_informatico;2024;11491;1249844;Islas Baleares;9.1939
balears;fraude_informatico;2023;10299;1231768;Islas Baleares;8.3612
balears;fraude_informatico;2022;7452;1209906;Islas Baleares;6.1592
balears;interferencia_en_los_datos_y_en_el_sistema;2024;41;1249844;Islas Baleares;0.0328
balears;interferencia_en_los_datos_y_en_el_sistema;2023;48;1231768;Islas Baleares;0.039
balears;interferencia_en_los_datos_y_en_el_sistema;2022;39;1209906;Islas Baleares;0.0322
barcelona;acceso__e_interceptacion_ilicita;2024;567;5959941;Cataluña;0.0951
barcelona;acceso__e_interceptacion_ilicita;2023;541;5877672;Cataluña;0.092
barcelona;acceso__e_interceptacion_ilicita;2022;513;5797356;Cataluña;0.0885
barcelona;amenazas_y_coacciones;2024;636;5959941;Cataluña;0.1067
barcelona;amenazas_y_coacciones;2023;476;5877672;Cataluña;0.081
barcelona;amenazas_y_coacciones;2022;495;5797356;Cataluña;0.0854
barcelona;contra_el_honor;2024;14;5959941;Cataluña;0.0023
barcelona;contra_el_honor;2023;8;5877672;Cataluña;0.0014
barcelona;contra_el_honor;2022;9;5797356;Cataluña;0.0016
barcelona;contra_la_propiedad_industrial/intelectual;2024;22;5959941;Cataluña;0.0037
barcelona;contra_la_propiedad_industrial/intelectual;2023;7;5877672;Cataluña;0.0012
barcelona;contra_la_propiedad_industrial/intelectual;2022;9;5797356;Cataluña;0.0016
barcelona;delitos_sexuales;2024;142;5959941;Cataluña;0.0238
barcelona;delitos_sexuales;2023;108;5877672;Cataluña;0.0184
barcelona;delitos_sexuales;2022;143;5797356;Cataluña;0.0247
barcelona;falsificacion_informatica;2024;1195;5959941;Cataluña;0.2005
barcelona;falsificacion_informatica;2023;254;5877672;Cataluña;0.0432
barcelona;falsificacion_informatica;2022;252;5797356;Cataluña;0.0435
barcelona;fraude_informatico;2024;53332;5959941;Cataluña;8.9484
barcelona;fraude_informatico;2023;53494;5877672;Cataluña;9.1012
barcelona;fraude_informatico;2022;45021;5797356;Cataluña;7.7658
barcelona;interferencia_en_los_datos_y_en_el_sistema;2024;57;5959941;Cataluña;0.0096
barcelona;interferencia_en_los_datos_y_en_el_sistema;2023;71;5877672;Cataluña;0.0121
barcelona;interferencia_en_los_datos_y_en_el_sistema;2022;71;5797356;Cataluña;0.0122
burgos;acceso__e_interceptacion_ilicita;2024;62;362663;Castilla y León;0.171
burgos;acceso__e_interceptacion_ilicita;2023;38;359740;Castilla y León;0.1056
burgos;acceso__e_interceptacion_ilicita;2022;34;357370;Castilla y León;0.0951
burgos;amenazas_y_coacciones;2024;134;362663;Castilla y León;0.3695
burgos;amenazas_y_coacciones;2023;128;359740;Castilla y León;0.3558
burgos;amenazas_y_coacciones;2022;139;357370;Castilla y León;0.389
burgos;contra_el_honor;2024;3;362663;Castilla y León;0.0083
burgos;contra_el_honor;2023;4;359740;Castilla y León;0.0111
burgos;contra_el_honor;2022;6;357370;Castilla y León;0.0168
burgos;contra_la_propiedad_industrial/intelectual;2024;0;362663;Castilla y León;0.0
burgos;contra_la_propiedad_industrial/intelectual;2023;1;359740;Castilla y León;0.0028
burgos;contra_la_propiedad_industrial/intelectual;2022;0;357370;Castilla y León;0.0
burgos;delitos_sexuales;2024;12;362663;Castilla y León;0.0331
burgos;delitos_sexuales;2023;7;359740;Castilla y León;0.0195
burgos;delitos_sexuales;2022;7;357370;Castilla y León;0.0196
burgos;falsificacion_informatica;2024;129;362663;Castilla y León;0.3557
burgos;falsificacion_informatica;2023;156;359740;Castilla y León;0.4336
burgos;falsificacion_informatica;2022;115;357370;Castilla y León;0.3218
burgos;fraude_informatico;2024;3000;362663;Castilla y León;8.2721
burgos;fraude_informatico;2023;3205;359740;Castilla y León;8.9092
burgos;fraude_informatico;2022;2505;357370;Castilla y León;7.0095
burgos;interferencia_en_los_datos_y_en_el_sistema;2024;15;362663;Castilla y León;0.0414
burgos;interferencia_en_los_datos_y_en_el_sistema;2023;21;359740;Castilla y León;0.0584
burgos;interferencia_en_los_datos_y_en_el_sistema;2022;16;357370;Castilla y León;0.0448
caceres;acceso__e_interceptacion_ilicita;2024;83;388190;Extremadura;0.2138
caceres;acceso__e_interceptacion_ilicita;2023;41;388652;Extremadura;0.1055
caceres;acceso__e_interceptacion_ilicita;2022;41;388257;Extremadura;0.1056
caceres;amenazas_y_coacciones;2024;158;388190;Extremadura;0.407
caceres;amenazas_y_coacciones;2023;132;388652;Extremadura;0.3396
caceres;amenazas_y_coacciones;2022;111;388257;Extremadura;0.2859
caceres;contra_el_honor;2024;30;388190;Extremadura;0.0773
caceres;contra_el_honor;2023;13;388652;Extremadura;0.0334
caceres;contra_el_honor;2022;24;388257;Extremadura;0.0618
caceres;contra_la_propiedad_industrial/intelectual;2024;1;388190;Extremadura;0.0026
caceres;contra_la_propiedad_industrial/intelectual;2023;0;388652;Extremadura;0.0
caceres;contra_la_propiedad_industrial/intelectual;2022;0;388257;Extremadura;0.0
caceres;delitos_sexuales;2024;10;388190;Extremadura;0.0258
caceres;delitos_sexuales;2023;18;388652;Extremadura;0.0463
caceres;delitos_sexuales;2022;14;388257;Extremadura;0.0361
caceres;falsificacion_informatica;2024;427;388190;Extremadura;1.1
caceres;falsificacion_informatica;2023;272;388652;Extremadura;0.6999
caceres;falsificacion_informatica;2022;92;388257;Extremadura;0.237
caceres;fraude_informatico;2024;2381;388190;Extremadura;6.1336
caceres;fraude_informatico;2023;2640;388652;Extremadura;6.7927
caceres;fraude_informatico;2022;2154;388257;Extremadura;5.5479
caceres;interferencia_en_los_datos_y_en_el_sistema;2024;3;388190;Extremadura;0.0077
caceres;interferencia_en_los_datos_y_en_el_sistema;2023;20;388652;Extremadura;0.0515
caceres;interferencia_en_los_datos_y_en_el_sistema;2022;5;388257;Extremadura;0.0129
cadiz;acceso__e_interceptacion_ilicita;2024;368;1261420;Andalucía;0.2917
cadiz;acceso__e_interceptacion_ilicita;2023;251;1258730;Andalucía;0.1994
cadiz;acceso__e_interceptacion_ilicita;2022;169;1254866;Andalucía;0.1347
cadiz;amenazas_y_coacciones;2024;621;1261420;Andalucía;0.4923
cadiz;amenazas_y_coacciones;2023;545;1258730;Andalucía;0.433
cadiz;amenazas_y_coacciones;2022;482;1254866;Andalucía;0.3841
cadiz;contra_el_honor;2024;58;1261420;Andalucía;0.046
cadiz;contra_el_honor;2023;55;1258730;Andalucía;0.0437
cadiz;contra_el_honor;2022;58;1254866;Andalucía;0.0462
cadiz;contra_la_propiedad_industrial/intelectual;2024;4;1261420;Andalucía;0.0032
cadiz;contra_la_propiedad_industrial/intelectual;2023;2;1258730;Andalucía;0.0016
cadiz;contra_la_propiedad_industrial/intelectual;2022;3;1254866;Andalucía;0.0024
cadiz;delitos_sexuales;2024;48;1261420;Andalucía;0.0381
cadiz;delitos_sexuales;2023;71;1258730;Andalucía;0.0564
cadiz;delitos_sexuales;2022;66;1254866;Andalucía;0.0526
cadiz;falsificacion_informatica;2024;678;1261420;Andalucía;0.5375
cadiz;falsificacion_informatica;2023;531;1258730;Andalucía;0.4219
cadiz;falsificacion_informatica;2022;509;1254866;Andalucía;0.4056
cadiz;fraude_informatico;2024;10821;1261420;Andalucía;8.5784
cadiz;fraude_informatico;2023;11370;1258730;Andalucía;9.0329
cadiz;fraude_informatico;2022;8982;1254866;Andalucía;7.1577
cadiz;interferencia_en_los_datos_y_en_el_sistema;2024;40;1261420;Andalucía;0.0317
cadiz;interferencia_en_los_datos_y_en_el_sistema;2023;46;1258730;Andalucía;0.0365
cadiz;interferencia_en_los_datos_y_en_el_sistema;2022;37;1254866;Andalucía;0.0295
castellon;acceso__e_interceptacion_ilicita;2024;117;627620;C. Valenciana;0.1864
castellon;acceso__e_interceptacion_ilicita;2023;69;615188;C. Valenciana;0.1122
castellon;acceso__e_interceptacion_ilicita;2022;51;604086;C. Valenciana;0.0844
castellon;amenazas_y_coacciones;2024;190;627620;C. Valenciana;0.3027
castellon;amenazas_y_coacciones;2023;162;615188;C. Valenciana;0.2633
castellon;amenazas_y_coacciones;2022;208;604086;C. Valenciana;0.3443
castellon;contra_el_honor;2024;7;627620;C. Valenciana;0.0112
castellon;contra_el_honor;2023;14;615188;C. Valenciana;0.0228
castellon;contra_el_honor;2022;15;604086;C. Valenciana;0.0248
castellon;contra_la_propiedad_industrial/intelectual;2024;1;627620;C. Valenciana;0.0016
castellon;contra_la_propiedad_industrial/intelectual;2023;0;615188;C. Valenciana;0.0
castellon;contra_la_propiedad_industrial/intelectual;2022;0;604086;C. Valenciana;0.0
castellon;delitos_sexuales;2024;12;627620;C. Valenciana;0.0191
castellon;delitos_sexuales;2023;25;615188;C. Valenciana;0.0406
castellon;delitos_sexuales;2022;26;604086;C. Valenciana;0.043
castellon;falsificacion_informatica;2024;212;627620;C. Valenciana;0.3378
castellon;falsificacion_informatica;2023;121;615188;C. Valenciana;0.1967
castellon;falsificacion_informatica;2022;127;604086;C. Valenciana;0.2102
castellon;fraude_informatico;2024;3782;627620;C. Valenciana;6.0259
castellon;fraude_informatico;2023;3557;615188;C. Valenciana;5.782
castellon;fraude_informatico;2022;2137;604086;C. Valenciana;3.5376
castellon;interferencia_en_los_datos_y_en_el_sistema;2024;12;627620;C. Valenciana;0.0191
castellon;interferencia_en_los_datos_y_en_el_sistema;2023;10;615188;C. Valenciana;0.0163
castellon;interferencia_en_los_datos_y_en_el_sistema;2022;12;604086;C. Valenciana;0.0199
ciudad_real;acceso__e_interceptacion_ilicita;2024;29;494848;Castilla-La Mancha;0.0586
ciudad_real;acceso__e_interceptacion_ilicita;2023;49;492948;Castilla-La Mancha;0.0994
ciudad_real;acceso__e_interceptacion_ilicita;2022;42;491927;Castilla-La Mancha;0.0854
ciudad_real;amenazas_y_coacciones;2024;124;494848;Castilla-La Mancha;0.2506
ciudad_real;amenazas_y_coacciones;2023;132;492948;Castilla-La Mancha;0.2678
ciudad_real;amenazas_y_coacciones;2022;150;491927;Castilla-La Mancha;0.3049
ciudad_real;contra_el_honor;2024;10;494848;Castilla-La Mancha;0.0202
ciudad_real;contra_el_honor;2023;19;492948;Castilla-La Mancha;0.0385
ciudad_real;contra_el_honor;2022;23;491927;Castilla-La Mancha;0.0468
ciudad_real;contra_la_propiedad_industrial/intelectual;2024;0;494848;Castilla-La Mancha;0.0
ciudad_real;contra_la_propiedad_industrial/intelectual;2023;1;492948;Castilla-La Mancha;0.002
ciudad_real;contra_la_propiedad_industrial/intelectual;2022;0;491927;Castilla-La Mancha;0.0
ciudad_real;delitos_sexuales;2024;4;494848;Castilla-La Mancha;0.0081
ciudad_real;delitos_sexuales;2023;14;492948;Castilla-La Mancha;0.0284
ciudad_real;delitos_sexuales;2022;13;491927;Castilla-La Mancha;0.0264
ciudad_real;falsificacion_informatica;2024;152;494848;Castilla-La Mancha;0.3072
ciudad_real;falsificacion_informatica;2023;128;492948;Castilla-La Mancha;0.2597
ciudad_real;falsificacion_informatica;2022;126;491927;Castilla-La Mancha;0.2561
ciudad_real;fraude_informatico;2024;3047;494848;Castilla-La Mancha;6.1574
ciudad_real;fraude_informatico;2023;3190;492948;Castilla-La Mancha;6.4713
ciudad_real;fraude_informatico;2022;2880;491927;Castilla-La Mancha;5.8545
ciudad_real;interferencia_en_los_datos_y_en_el_sistema;2024;15;494848;Castilla-La Mancha;0.0303
ciudad_real;interferencia_en_los_datos_y_en_el_sistema;2023;9;492948;Castilla-La Mancha;0.0183
ciudad_real;interferencia_en_los_datos_y_en_el_sistema;2022;9;491927;Castilla-La Mancha;0.0183
cordoba;acceso__e_interceptacion_ilicita;2024;225;773163;Andalucía;0.291
cordoba;acceso__e_interceptacion_ilicita;2023;169;774313;Andalucía;0.2183
cordoba;acceso__e_interceptacion_ilicita;2022;101;775002;Andalucía;0.1303
cordoba;amenazas_y_coacciones;2024;274;773163;Andalucía;0.3544
cordoba;amenazas_y_coacciones;2023;299;774313;Andalucía;0.3861
cordoba;amenazas_y_coacciones;2022;299;775002;Andalucía;0.3858
cordoba;contra_el_honor;2024;20;773163;Andalucía;0.0259
cordoba;contra_el_honor;2023;39;774313;Andalucía;0.0504
cordoba;contra_el_honor;2022;42;775002;Andalucía;0.0542
cordoba;contra_la_propiedad_industrial/intelectual;2024;3;773163;Andalucía;0.0039
cordoba;contra_la_propiedad_industrial/intelectual;2023;0;774313;Andalucía;0.0
cordoba;contra_la_propiedad_industrial/intelectual;2022;4;775002;Andalucía;0.0052
cordoba;delitos_sexuales;2024;26;773163;Andalucía;0.0336
cordoba;delitos_sexuales;2023;28;774313;Andalucía;0.0362
cordoba;delitos_sexuales;2022;29;775002;Andalucía;0.0374
cordoba;falsificacion_informatica;2024;401;773163;Andalucía;0.5186
cordoba;falsificacion_informatica;2023;383;774313;Andalucía;0.4946
cordoba;falsificacion_informatica;2022;275;775002;Andalucía;0.3548
cordoba;fraude_informatico;2024;6462;773163;Andalucía;8.3579
cordoba;fraude_informatico;2023;6732;774313;Andalucía;8.6942
cordoba;fraude_informatico;2022;4632;775002;Andalucía;5.9768
cordoba;interferencia_en_los_datos_y_en_el_sistema;2024;34;773163;Andalucía;0.044
cordoba;interferencia_en_los_datos_y_en_el_sistema;2023;20;774313;Andalucía;0.0258
cordoba;interferencia_en_los_datos_y_en_el_sistema;2022;32;775002;Andalucía;0.0413
coruna;acceso__e_interceptacion_ilicita;2024;318;1135623;Galicia;0.28
coruna;acceso__e_interceptacion_ilicita;2023;199;1128449;Galicia;0.1763
coruna;acceso__e_interceptacion_ilicita;2022;155;1123884;Galicia;0.1379
coruna;amenazas_y_coacciones;2024;495;1135623;Galicia;0.4359
coruna;amenazas_y_coacciones;2023;470;1128449;Galicia;0.4165
coruna;amenazas_y_coacciones;2022;475;1123884;Galicia;0.4226
coruna;contra_el_honor;2024;66;1135623;Galicia;0.0581
coruna;contra_el_honor;2023;64;1128449;Galicia;0.0567
coruna;contra_el_honor;2022;46;1123884;Galicia;0.0409
coruna;contra_la_propiedad_industrial/intelectual;2024;3;1135623;Galicia;0.0026
coruna;contra_la_propiedad_industrial/intelectual;2023;0;1128449;Galicia;0.0
coruna;contra_la_propiedad_industrial/intelectual;2022;3;1123884;Galicia;0.0027
coruna;delitos_sexuales;2024;39;1135623;Galicia;0.0343
coruna;delitos_sexuales;2023;48;1128449;Galicia;0.0425
coruna;delitos_sexuales;2022;29;1123884;Galicia;0.0258
coruna;falsificacion_informatica;2024;559;1135623;Galicia;0.4922
coruna;falsificacion_informatica;2023;438;1128449;Galicia;0.3881
coruna;falsificacion_informatica;2022;259;1123884;Galicia;0.2305
coruna;fraude_informatico;2024;8452;1135623;Galicia;7.4426
coruna;fraude_informatico;2023;7639;1128449;Galicia;6.7695
coruna;fraude_informatico;2022;7434;1123884;Galicia;6.6146
coruna;interferencia_en_los_datos_y_en_el_sistema;2024;45;1135623;Galicia;0.0396
coruna;interferencia_en_los_datos_y_en_el_sistema;2023;46;1128449;Galicia;0.0408
coruna;interferencia_en_los_datos_y_en_el_sistema;2022;36;1123884;Galicia;0.032
cuenca;acceso__e_interceptacion_ilicita;2024;14;199859;Castilla-La Mancha;0.07
cuenca;acceso__e_interceptacion_ilicita;2023;19;199025;Castilla-La Mancha;0.0955
cuenca;acceso__e_interceptacion_ilicita;2022;12;198436;Castilla-La Mancha;0.0605
cuenca;amenazas_y_coacciones;2024;63;199859;Castilla-La Mancha;0.3152
cuenca;amenazas_y_coacciones;2023;45;199025;Castilla-La Mancha;0.2261
cuenca;amenazas_y_coacciones;2022;63;198436;Castilla-La Mancha;0.3175
cuenca;contra_el_honor;2024;7;199859;Castilla-La Mancha;0.035
cuenca;contra_el_honor;2023;20;199025;Castilla-La Mancha;0.1005
cuenca;contra_el_honor;2022;9;198436;Castilla-La Mancha;0.0454
cuenca;contra_la_propiedad_industrial/intelectual;2024;0;199859;Castilla-La Mancha;0.0
cuenca;contra_la_propiedad_industrial/intelectual;2023;0;199025;Castilla-La Mancha;0.0
cuenca;contra_la_propiedad_industrial/intelectual;2022;0;198436;Castilla-La Mancha;0.0
cuenca;delitos_sexuales;2024;7;199859;Castilla-La Mancha;0.035
cuenca;delitos_sexuales;2023;6;199025;Castilla-La Mancha;0.0301
cuenca;delitos_sexuales;2022;3;198436;Castilla-La Mancha;0.0151
cuenca;falsificacion_informatica;2024;83;199859;Castilla-La Mancha;0.4153
cuenca;falsificacion_informatica;2023;68;199025;Castilla-La Mancha;0.3417
cuenca;falsificacion_informatica;2022;67;198436;Castilla-La Mancha;0.3376
cuenca;fraude_informatico;2024;1308;199859;Castilla-La Mancha;6.5446
cuenca;fraude_informatico;2023;1536;199025;Castilla-La Mancha;7.7176
cuenca;fraude_informatico;2022;1411;198436;Castilla-La Mancha;7.1106
cuenca;interferencia_en_los_datos_y_en_el_sistema;2024;8;199859;Castilla-La Mancha;0.04
cuenca;interferencia_en_los_datos_y_en_el_sistema;2023;13;199025;Castilla-La Mancha;0.0653
cuenca;interferencia_en_los_datos_y_en_el_sistema;2022;14;198436;Castilla-La Mancha;0.0706
girona;acceso__e_interceptacion_ilicita;2024;77;830429;Cataluña;0.0927
girona;acceso__e_interceptacion_ilicita;2023;118;821108;Cataluña;0.1437
girona;acceso__e_interceptacion_ilicita;2022;120;808672;Cataluña;0.1484
girona;amenazas_y_coacciones;2024;95;830429;Cataluña;0.1144
girona;amenazas_y_coacciones;2023;64;821108;Cataluña;0.0779
girona;amenazas_y_coacciones;2022;75;808672;Cataluña;0.0927
girona;contra_el_honor;2024;1;830429;Cataluña;0.0012
girona;contra_el_honor;2023;2;821108;Cataluña;0.0024
girona;contra_el_honor;2022;1;808672;Cataluña;0.0012
girona;contra_la_propiedad_industrial/intelectual;2024;3;830429;Cataluña;0.0036
girona;contra_la_propiedad_industrial/intelectual;2023;0;821108;Cataluña;0.0
girona;contra_la_propiedad_industrial/intelectual;2022;2;808672;Cataluña;0.0025
girona;delitos_sexuales;2024;15;830429;Cataluña;0.0181
girona;delitos_sexuales;2023;12;821108;Cataluña;0.0146
girona;delitos_sexuales;2022;11;808672;Cataluña;0.0136
girona;falsificacion_informatica;2024;149;830429;Cataluña;0.1794
girona;falsificacion_informatica;2023;78;821108;Cataluña;0.095
girona;falsificacion_informatica;2022;72;808672;Cataluña;0.089
girona;fraude_informatico;2024;7652;830429;Cataluña;9.2145
girona;fraude_informatico;2023;8397;821108;Cataluña;10.2264
girona;fraude_informatico;2022;6833;808672;Cataluña;8.4497
girona;interferencia_en_los_datos_y_en_el_sistema;2024;6;830429;Cataluña;0.0072
girona;interferencia_en_los_datos_y_en_el_sistema;2023;9;821108;Cataluña;0.011
girona;interferencia_en_los_datos_y_en_el_sistema;2022;4;808672;Cataluña;0.0049
granada;acceso__e_interceptacion_ilicita;2024;173;945797;Andalucía;0.1829
granada;acceso__e_interceptacion_ilicita;2023;104;939741;Andalucía;0.1107
granada;acceso__e_interceptacion_ilicita;2022;86;934072;Andalucía;0.0921
granada;amenazas_y_coacciones;2024;522;945797;Andalucía;0.5519
granada;amenazas_y_coacciones;2023;427;939741;Andalucía;0.4544
granada;amenazas_y_coacciones;2022;299;934072;Andalucía;0.3201
granada;contra_el_honor;2024;26;945797;Andalucía;0.0275
granada;contra_el_honor;2023;23;939741;Andalucía;0.0245
granada;contra_el_honor;2022;24;934072;Andalucía;0.0257
granada;contra_la_propiedad_industrial/intelectual;2024;5;945797;Andalucía;0.0053
granada;contra_la_propiedad_industrial/intelectual;2023;2;939741;Andalucía;0.0021
granada;contra_la_propiedad_industrial/intelectual;2022;4;934072;Andalucía;0.0043
granada;delitos_sexuales;2024;21;945797;Andalucía;0.0222
granada;delitos_sexuales;2023;31;939741;Andalucía;0.033
granada;delitos_sexuales;2022;21;934072;Andalucía;0.0225
granada;falsificacion_informatica;2024;383;945797;Andalucía;0.4049
granada;falsificacion_informatica;2023;280;939741;Andalucía;0.298
granada;falsificacion_informatica;2022;242;934072;Andalucía;0.2591
granada;fraude_informatico;2024;8275;945797;Andalucía;8.7492
granada;fraude_informatico;2023;8978;939741;Andalucía;9.5537
granada;fraude_informatico;2022;4700;934072;Andalucía;5.0317
granada;interferencia_en_los_datos_y_en_el_sistema;2024;75;945797;Andalucía;0.0793
granada;interferencia_en_los_datos_y_en_el_sistema;2023;92;939741;Andalucía;0.0979
granada;interferencia_en_los_datos_y_en_el_sistema;2022;53;934072;Andalucía;0.0567
guadalajara;acceso__e_interceptacion_ilicita;2024;24;285839;Castilla-La Mancha;0.084
guadalajara;acceso__e_interceptacion_ilicita;2023;29;280225;Castilla-La Mancha;0.1035
guadalajara;acceso__e_interceptacion_ilicita;2022;18;275082;Castilla-La Mancha;0.0654
guadalajara;amenazas_y_coacciones;2024;87;285839;Castilla-La Mancha;0.3044
guadalajara;amenazas_y_coacciones;2023;103;280225;Castilla-La Mancha;0.3676
guadalajara;amenazas_y_coacciones;2022;108;275082;Castilla-La Mancha;0.3926
guadalajara;contra_el_honor;2024;4;285839;Castilla-La Mancha;0.014
guadalajara;contra_el_honor;2023;7;280225;Castilla-La Mancha;0.025
guadalajara;contra_el_honor;2022;3;275082;Castilla-La Mancha;0.0109
guadalajara;contra_la_propiedad_industrial/intelectual;2024;0;285839;Castilla-La Mancha;0.0
guadalajara;contra_la_propiedad_industrial/intelectual;2023;0;280225;Castilla-La Mancha;0.0
guadalajara;contra_la_propiedad_industrial/intelectual;2022;1;275082;Castilla-La Mancha;0.0036
guadalajara;delitos_sexuales;2024;10;285839;Castilla-La Mancha;0.035
guadalajara;delitos_sexuales;2023;13;280225;Castilla-La Mancha;0.0464
guadalajara;delitos_sexuales;2022;6;275082;Castilla-La Mancha;0.0218
guadalajara;falsificacion_informatica;2024;143;285839;Castilla-La Mancha;0.5003
guadalajara;falsificacion_informatica;2023;145;280225;Castilla-La Mancha;0.5174
guadalajara;falsificacion_informatica;2022;105;275082;Castilla-La Mancha;0.3817
guadalajara;fraude_informatico;2024;2823;285839;Castilla-La Mancha;9.8762
guadalajara;fraude_informatico;2023;3096;280225;Castilla-La Mancha;11.0483
guadalajara;fraude_informatico;2022;1551;275082;Castilla-La Mancha;5.6383
guadalajara;interferencia_en_los_datos_y_en_el_sistema;2024;9;285839;Castilla-La Mancha;0.0315
guadalajara;interferencia_en_los_datos_y_en_el_sistema;2023;6;280225;Castilla-La Mancha;0.0214
guadalajara;interferencia_en_los_datos_y_en_el_sistema;2022;10;275082;Castilla-La Mancha;0.0364
gipuzkoa;acceso__e_interceptacion_ilicita;2024;71;733149;País Vasco;0.0968
gipuzkoa;acceso__e_interceptacion_ilicita;2023;74;729722;País Vasco;0.1014
gipuzkoa;acceso__e_interceptacion_ilicita;2022;51;726712;País Vasco;0.0702
gipuzkoa;amenazas_y_coacciones;2024;457;733149;País Vasco;0.6233
gipuzkoa;amenazas_y_coacciones;2023;446;729722;País Vasco;0.6112
gipuzkoa;amenazas_y_coacciones;2022;181;726712;País Vasco;0.2491
gipuzkoa;contra_el_honor;2024;0;733149;País Vasco;0.0
gipuzkoa;contra_el_honor;2023;2;729722;País Vasco;0.0027
gipuzkoa;contra_el_honor;2022;1;726712;País Vasco;0.0014
gipuzkoa;contra_la_propiedad_industrial/intelectual;2024;4;733149;País Vasco;0.0055
gipuzkoa;contra_la_propiedad_industrial/intelectual;2023;1;729722;País Vasco;0.0014
gipuzkoa;contra_la_propiedad_industrial/intelectual;2022;1;726712;País Vasco;0.0014
gipuzkoa;delitos_sexuales;2024;41;733149;País Vasco;0.0559
gipuzkoa;delitos_sexuales;2023;81;729722;País Vasco;0.111
gipuzkoa;delitos_sexuales;2022;15;726712;País Vasco;0.0206
gipuzkoa;falsificacion_informatica;2024;268;733149;País Vasco;0.3655
gipuzkoa;falsificacion_informatica;2023;256;729722;País Vasco;0.3508
gipuzkoa;falsificacion_informatica;2022;237;726712;País Vasco;0.3261
gipuzkoa;fraude_informatico;2024;6882;733149;País Vasco;9.3869
gipuzkoa;fraude_informatico;2023;7895;729722;País Vasco;10.8192
gipuzkoa;fraude_informatico;2022;5572;726712;País Vasco;7.6674
gipuzkoa;interferencia_en_los_datos_y_en_el_sistema;2024;3;733149;País Vasco;0.0041
gipuzkoa;interferencia_en_los_datos_y_en_el_sistema;2023;6;729722;País Vasco;0.0082
gipuzkoa;interferencia_en_los_datos_y_en_el_sistema;2022;11;726712;País Vasco;0.0151
huelva;acceso__e_interceptacion_ilicita;2024;86;538789;Andalucía;0.1596
huelva;acceso__e_interceptacion_ilicita;2023;70;535734;Andalucía;0.1307
huelva;acceso__e_interceptacion_ilicita;2022;37;534084;Andalucía;0.0693
huelva;amenazas_y_coacciones;2024;156;538789;Andalucía;0.2895
huelva;amenazas_y_coacciones;2023;198;535734;Andalucía;0.3696
huelva;amenazas_y_coacciones;2022;220;534084;Andalucía;0.4119
huelva;contra_el_honor;2024;15;538789;Andalucía;0.0278
huelva;contra_el_honor;2023;27;535734;Andalucía;0.0504
huelva;contra_el_honor;2022;25;534084;Andalucía;0.0468
huelva;contra_la_propiedad_industrial/intelectual;2024;3;538789;Andalucía;0.0056
huelva;contra_la_propiedad_industrial/intelectual;2023;1;535734;Andalucía;0.0019
huelva;contra_la_propiedad_industrial/intelectual;2022;1;534084;Andalucía;0.0019
huelva;delitos_sexuales;2024;22;538789;Andalucía;0.0408
huelva;delitos_sexuales;2023;20;535734;Andalucía;0.0373
huelva;delitos_sexuales;2022;22;534084;Andalucía;0.0412
huelva;falsificacion_informatica;2024;138;538789;Andalucía;0.2561
huelva;falsificacion_informatica;2023;69;535734;Andalucía;0.1288
huelva;falsificacion_informatica;2022;86;534084;Andalucía;0.161
huelva;fraude_informatico;2024;3118;538789;Andalucía;5.7871
huelva;fraude_informatico;2023;3004;535734;Andalucía;5.6073
huelva;fraude_informatico;2022;1681;534084;Andalucía;3.1474
huelva;interferencia_en_los_datos_y_en_el_sistema;2024;10;538789;Andalucía;0.0186
huelva;interferencia_en_los_datos_y_en_el_sistema;2023;3;535734;Andalucía;0.0056
huelva;interferencia_en_los_datos_y_en_el_sistema;2022;9;534084;Andalucía;0.0169
huesca;acceso__e_interceptacion_ilicita;2024;25;230087;Aragón;0.1087
huesca;acceso__e_interceptacion_ilicita;2023;20;228519;Aragón;0.0875
huesca;acceso__e_interceptacion_ilicita;2022;14;226878;Aragón;0.0617
huesca;amenazas_y_coacciones;2024;117;230087;Aragón;0.5085
huesca;amenazas_y_coacciones;2023;112;228519;Aragón;0.4901
huesca;amenazas_y_coacciones;2022;73;226878;Aragón;0.3218
huesca;contra_el_honor;2024;11;230087;Aragón;0.0478
huesca;contra_el_honor;2023;6;228519;Aragón;0.0263
huesca;contra_el_honor;2022;1;226878;Aragón;0.0044
huesca;contra_la_propiedad_industrial/intelectual;2024;2;230087;Aragón;0.0087
huesca;contra_la_propiedad_industrial/intelectual;2023;0;228519;Aragón;0.0
huesca;contra_la_propiedad_industrial/intelectual;2022;0;226878;Aragón;0.0
huesca;delitos_sexuales;2024;9;230087;Aragón;0.0391
huesca;delitos_sexuales;2023;7;228519;Aragón;0.0306
huesca;delitos_sexuales;2022;3;226878;Aragón;0.0132
huesca;falsificacion_informatica;2024;95;230087;Aragón;0.4129
huesca;falsificacion_informatica;2023;84;228519;Aragón;0.3676
huesca;falsificacion_informatica;2022;57;226878;Aragón;0.2512
huesca;fraude_informatico;2024;2006;230087;Aragón;8.7184
huesca;fraude_informatico;2023;1876;228519;Aragón;8.2094
huesca;fraude_informatico;2022;1389;226878;Aragón;6.1222
huesca;interferencia_en_los_datos_y_en_el_sistema;2024;30;230087;Aragón;0.1304
huesca;interferencia_en_los_datos_y_en_el_sistema;2023;8;228519;Aragón;0.035
huesca;interferencia_en_los_datos_y_en_el_sistema;2022;2;226878;Aragón;0.0088
jaen;acceso__e_interceptacion_ilicita;2024;55;618143;Andalucía;0.089
jaen;acceso__e_interceptacion_ilicita;2023;75;619055;Andalucía;0.1212
jaen;acceso__e_interceptacion_ilicita;2022;46;620637;Andalucía;0.0741
jaen;amenazas_y_coacciones;2024;171;618143;Andalucía;0.2766
jaen;amenazas_y_coacciones;2023;150;619055;Andalucía;0.2423
jaen;amenazas_y_coacciones;2022;213;620637;Andalucía;0.3432
jaen;contra_el_honor;2024;23;618143;Andalucía;0.0372
jaen;contra_el_honor;2023;16;619055;Andalucía;0.0258
jaen;contra_el_honor;2022;24;620637;Andalucía;0.0387
jaen;contra_la_propiedad_industrial/intelectual;2024;1;618143;Andalucía;0.0016
jaen;contra_la_propiedad_industrial/intelectual;2023;2;619055;Andalucía;0.0032
jaen;contra_la_propiedad_industrial/intelectual;2022;1;620637;Andalucía;0.0016
jaen;delitos_sexuales;2024;9;618143;Andalucía;0.0146
jaen;delitos_sexuales;2023;11;619055;Andalucía;0.0178
jaen;delitos_sexuales;2022;16;620637;Andalucía;0.0258
jaen;falsificacion_informatica;2024;320;618143;Andalucía;0.5177
jaen;falsificacion_informatica;2023;229;619055;Andalucía;0.3699
jaen;falsificacion_informatica;2022;227;620637;Andalucía;0.3658
jaen;fraude_informatico;2024;4397;618143;Andalucía;7.1132
jaen;fraude_informatico;2023;5034;619055;Andalucía;8.1317
jaen;fraude_informatico;2022;3207;620637;Andalucía;5.1673
jaen;interferencia_en_los_datos_y_en_el_sistema;2024;10;618143;Andalucía;0.0162
jaen;interferencia_en_los_datos_y_en_el_sistema;2023;9;619055;Andalucía;0.0145
jaen;interferencia_en_los_datos_y_en_el_sistema;2022;8;620637;Andalucía;0.0129
leon;acceso__e_interceptacion_ilicita;2024;70;448030;Castilla y León;0.1562
leon;acceso__e_interceptacion_ilicita;2023;52;447802;Castilla y León;0.1161
leon;acceso__e_interceptacion_ilicita;2022;58;448573;Castilla y León;0.1293
leon;amenazas_y_coacciones;2024;183;448030;Castilla y León;0.4085
leon;amenazas_y_coacciones;2023;184;447802;Castilla y León;0.4109
leon;amenazas_y_coacciones;2022;178;448573;Castilla y León;0.3968
leon;contra_el_honor;2024;19;448030;Castilla y León;0.0424
leon;contra_el_honor;2023;31;447802;Castilla y León;0.0692
leon;contra_el_honor;2022;24;448573;Castilla y León;0.0535
leon;contra_la_propiedad_industrial/intelectual;2024;9;448030;Castilla y León;0.0201
leon;contra_la_propiedad_industrial/intelectual;2023;0;447802;Castilla y León;0.0
leon;contra_la_propiedad_industrial/intelectual;2022;1;448573;Castilla y León;0.0022
leon;delitos_sexuales;2024;22;448030;Castilla y León;0.0491
leon;delitos_sexuales;2023;29;447802;Castilla y León;0.0648
leon;delitos_sexuales;2022;22;448573;Castilla y León;0.049
leon;falsificacion_informatica;2024;218;448030;Castilla y León;0.4866
leon;falsificacion_informatica;2023;173;447802;Castilla y León;0.3863
leon;falsificacion_informatica;2022;78;448573;Castilla y León;0.1739
leon;fraude_informatico;2024;3966;448030;Castilla y León;8.8521
leon;fraude_informatico;2023;3858;447802;Castilla y León;8.6154
leon;fraude_informatico;2022;3373;448573;Castilla y León;7.5194
leon;interferencia_en_los_datos_y_en_el_sistema;2024;38;448030;Castilla y León;0.0848
leon;interferencia_en_los_datos_y_en_el_sistema;2023;27;447802;Castilla y León;0.0603
leon;interferencia_en_los_datos_y_en_el_sistema;2022;23;448573;Castilla y León;0.0513
lleida;acceso__e_interceptacion_ilicita;2024;68;458226;Cataluña;0.1484
lleida;acceso__e_interceptacion_ilicita;2023;88;451707;Cataluña;0.1948
lleida;acceso__e_interceptacion_ilicita;2022;98;447343;Cataluña;0.2191
lleida;amenazas_y_coacciones;2024;106;458226;Cataluña;0.2313
lleida;amenazas_y_coacciones;2023;96;451707;Cataluña;0.2125
lleida;amenazas_y_coacciones;2022;88;447343;Cataluña;0.1967
lleida;contra_el_honor;2024;4;458226;Cataluña;0.0087
lleida;contra_el_honor;2023;3;451707;Cataluña;0.0066
lleida;contra_el_honor;2022;3;447343;Cataluña;0.0067
lleida;contra_la_propiedad_industrial/intelectual;2024;0;458226;Cataluña;0.0
lleida;contra_la_propiedad_industrial/intelectual;2023;1;451707;Cataluña;0.0022
lleida;contra_la_propiedad_industrial/intelectual;2022;1;447343;Cataluña;0.0022
lleida;delitos_sexuales;2024;11;458226;Cataluña;0.024
lleida;delitos_sexuales;2023;8;451707;Cataluña;0.0177
lleida;delitos_sexuales;2022;5;447343;Cataluña;0.0112
lleida;falsificacion_informatica;2024;69;458226;Cataluña;0.1506
lleida;falsificacion_informatica;2023;21;451707;Cataluña;0.0465
lleida;falsificacion_informatica;2022;24;447343;Cataluña;0.0537
lleida;fraude_informatico;2024;4003;458226;Cataluña;8.7359
lleida;fraude_informatico;2023;4517;451707;Cataluña;9.9998
lleida;fraude_informatico;2022;3847;447343;Cataluña;8.5997
lleida;interferencia_en_los_datos_y_en_el_sistema;2024;6;458226;Cataluña;0.0131
lleida;interferencia_en_los_datos_y_en_el_sistema;2023;11;451707;Cataluña;0.0244
lleida;interferencia_en_los_datos_y_en_el_sistema;2022;5;447343;Cataluña;0.0112
rioja;acceso__e_interceptacion_ilicita;2024;140;326803;La Rioja;0.4284
rioja;acceso__e_interceptacion_ilicita;2023;111;324184;La Rioja;0.3424
rioja;acceso__e_interceptacion_ilicita;2022;81;322282;La Rioja;0.2513
rioja;amenazas_y_coacciones;2024;161;326803;La Rioja;0.4927
rioja;amenazas_y_coacciones;2023;132;324184;La Rioja;0.4072
rioja;amenazas_y_coacciones;2022;124;322282;La Rioja;0.3848
rioja;contra_el_honor;2024;10;326803;La Rioja;0.0306
rioja;contra_el_honor;2023;9;324184;La Rioja;0.0278
rioja;contra_el_honor;2022;1;322282;La Rioja;0.0031
rioja;contra_la_propiedad_industrial/intelectual;2024;2;326803;La Rioja;0.0061
rioja;contra_la_propiedad_industrial/intelectual;2023;1;324184;La Rioja;0.0031
rioja;contra_la_propiedad_industrial/intelectual;2022;1;322282;La Rioja;0.0031
rioja;delitos_sexuales;2024;6;326803;La Rioja;0.0184
rioja;delitos_sexuales;2023;11;324184;La Rioja;0.0339
rioja;delitos_sexuales;2022;8;322282;La Rioja;0.0248
rioja;falsificacion_informatica;2024;120;326803;La Rioja;0.3672
rioja;falsificacion_informatica;2023;68;324184;La Rioja;0.2098
rioja;falsificacion_informatica;2022;60;322282;La Rioja;0.1862
rioja;fraude_informatico;2024;1868;326803;La Rioja;5.716
rioja;fraude_informatico;2023;2021;324184;La Rioja;6.2341
rioja;fraude_informatico;2022;2152;322282;La Rioja;6.6774
rioja;interferencia_en_los_datos_y_en_el_sistema;2024;5;326803;La Rioja;0.0153
rioja;interferencia_en_los_datos_y_en_el_sistema;2023;11;324184;La Rioja;0.0339
rioja;interferencia_en_los_datos_y_en_el_sistema;2022;6;322282;La Rioja;0.0186
lugo;acceso__e_interceptacion_ilicita;2024;57;326022;Galicia;0.1748
lugo;acceso__e_interceptacion_ilicita;2023;41;325048;Galicia;0.1261
lugo;acceso__e_interceptacion_ilicita;2022;23;324267;Galicia;0.0709
lugo;amenazas_y_coacciones;2024;130;326022;Galicia;0.3987
lugo;amenazas_y_coacciones;2023;121;325048;Galicia;0.3723
lugo;amenazas_y_coacciones;2022;87;324267;Galicia;0.2683
lugo;contra_el_honor;2024;9;326022;Galicia;0.0276
lugo;contra_el_honor;2023;17;325048;Galicia;0.0523
lugo;contra_el_honor;2022;8;324267;Galicia;0.0247
lugo;contra_la_propiedad_industrial/intelectual;2024;3;326022;Galicia;0.0092
lugo;contra_la_propiedad_industrial/intelectual;2023;0;325048;Galicia;0.0
lugo;contra_la_propiedad_industrial/intelectual;2022;0;324267;Galicia;0.0
lugo;delitos_sexuales;2024;8;326022;Galicia;0.0245
lugo;delitos_sexuales;2023;10;325048;Galicia;0.0308
lugo;delitos_sexuales;2022;3;324267;Galicia;0.0093
lugo;falsificacion_informatica;2024;78;326022;Galicia;0.2392
lugo;falsificacion_informatica;2023;58;325048;Galicia;0.1784
lugo;falsificacion_informatica;2022;30;324267;Galicia;0.0925
lugo;fraude_informatico;2024;2037;326022;Galicia;6.248
lugo;fraude_informatico;2023;1798;325048;Galicia;5.5315
lugo;fraude_informatico;2022;1771;324267;Galicia;5.4615
lugo;interferencia_en_los_datos_y_en_el_sistema;2024;13;326022;Galicia;0.0399
lugo;interferencia_en_los_datos_y_en_el_sistema;2023;5;325048;Galicia;0.0154
lugo;interferencia_en_los_datos_y_en_el_sistema;2022;9;324267;Galicia;0.0278
madrid;acceso__e_interceptacion_ilicita;2024;1621;7113886;Madrid;0.2279
madrid;acceso__e_interceptacion_ilicita;2023;1139;7009268;Madrid;0.1625
madrid;acceso__e_interceptacion_ilicita;2022;867;6871903;Madrid;0.1262
madrid;amenazas_y_coacciones;2024;2480;7113886;Madrid;0.3486
madrid;amenazas_y_coacciones;2023;2719;7009268;Madrid;0.3879
madrid;amenazas_y_coacciones;2022;2143;6871903;Madrid;0.3118
madrid;contra_el_honor;2024;96;7113886;Madrid;0.0135
madrid;contra_el_honor;2023;87;7009268;Madrid;0.0124
madrid;contra_el_honor;2022;115;6871903;Madrid;0.0167
madrid;contra_la_propiedad_industrial/intelectual;2024;23;7113886;Madrid;0.0032
madrid;contra_la_propiedad_industrial/intelectual;2023;13;7009268;Madrid;0.0019
madrid;contra_la_propiedad_industrial/intelectual;2022;26;6871903;Madrid;0.0038
madrid;delitos_sexuales;2024;230;7113886;Madrid;0.0323
madrid;delitos_sexuales;2023;239;7009268;Madrid;0.0341
madrid;delitos_sexuales;2022;204;6871903;Madrid;0.0297
madrid;falsificacion_informatica;2024;3289;7113886;Madrid;0.4623
madrid;falsificacion_informatica;2023;2882;7009268;Madrid;0.4112
madrid;falsificacion_informatica;2022;2291;6871903;Madrid;0.3334
madrid;fraude_informatico;2024;65361;7113886;Madrid;9.1878
madrid;fraude_informatico;2023;71534;7009268;Madrid;10.2056
madrid;fraude_informatico;2022;57794;6871903;Madrid;8.4102
madrid;interferencia_en_los_datos_y_en_el_sistema;2024;377;7113886;Madrid;0.053
madrid;interferencia_en_los_datos_y_en_el_sistema;2023;268;7009268;Madrid;0.0382
madrid;interferencia_en_los_datos_y_en_el_sistema;2022;318;6871903;Madrid;0.0463
malaga;acceso__e_interceptacion_ilicita;2024;592;1791183;Andalucía;0.3305
malaga;acceso__e_interceptacion_ilicita;2023;413;1774701;Andalucía;0.2327
malaga;acceso__e_interceptacion_ilicita;2022;304;1752728;Andalucía;0.1734
malaga;amenazas_y_coacciones;2024;651;1791183;Andalucía;0.3634
malaga;amenazas_y_coacciones;2023;649;1774701;Andalucía;0.3657
malaga;amenazas_y_coacciones;2022;642;1752728;Andalucía;0.3663
malaga;contra_el_honor;2024;50;1791183;Andalucía;0.0279
malaga;contra_el_honor;2023;51;1774701;Andalucía;0.0287
malaga;contra_el_honor;2022;68;1752728;Andalucía;0.0388
malaga;contra_la_propiedad_industrial/intelectual;2024;24;1791183;Andalucía;0.0134
malaga;contra_la_propiedad_industrial/intelectual;2023;8;1774701;Andalucía;0.0045
malaga;contra_la_propiedad_industrial/intelectual;2022;4;1752728;Andalucía;0.0023
malaga;delitos_sexuales;2024;70;1791183;Andalucía;0.0391
malaga;delitos_sexuales;2023;64;1774701;Andalucía;0.0361
malaga;delitos_sexuales;2022;70;1752728;Andalucía;0.0399
malaga;falsificacion_informatica;2024;674;1791183;Andalucía;0.3763
malaga;falsificacion_informatica;2023;459;1774701;Andalucía;0.2586
malaga;falsificacion_informatica;2022;438;1752728;Andalucía;0.2499
malaga;fraude_informatico;2024;15955;1791183;Andalucía;8.9075
malaga;fraude_informatico;2023;16241;1774701;Andalucía;9.1514
malaga;fraude_informatico;2022;10230;1752728;Andalucía;5.8366
malaga;interferencia_en_los_datos_y_en_el_sistema;2024;121;1791183;Andalucía;0.0676
malaga;interferencia_en_los_datos_y_en_el_sistema;2023;108;1774701;Andalucía;0.0609
malaga;interferencia_en_los_datos_y_en_el_sistema;2022;107;1752728;Andalucía;0.061
murcia;acceso__e_interceptacion_ilicita;2024;274;1586989;Murcia;0.1727
murcia;acceso__e_interceptacion_ilicita;2023;151;1568492;Murcia;0.0963
murcia;acceso__e_interceptacion_ilicita;2022;95;1551692;Murcia;0.0612
murcia;amenazas_y_coacciones;2024;405;1586989;Murcia;0.2552
murcia;amenazas_y_coacciones;2023;474;1568492;Murcia;0.3022
murcia;amenazas_y_coacciones;2022;566;1551692;Murcia;0.3648
murcia;contra_el_honor;2024;33;1586989;Murcia;0.0208
murcia;contra_el_honor;2023;33;1568492;Murcia;0.021
murcia;contra_el_honor;2022;27;1551692;Murcia;0.0174
murcia;contra_la_propiedad_industrial/intelectual;2024;6;1586989;Murcia;0.0038
murcia;contra_la_propiedad_industrial/intelectual;2023;1;1568492;Murcia;0.0006
murcia;contra_la_propiedad_industrial/intelectual;2022;5;1551692;Murcia;0.0032
murcia;delitos_sexuales;2024;110;1586989;Murcia;0.0693
murcia;delitos_sexuales;2023;59;1568492;Murcia;0.0376
murcia;delitos_sexuales;2022;43;1551692;Murcia;0.0277
murcia;falsificacion_informatica;2024;828;1586989;Murcia;0.5217
murcia;falsificacion_informatica;2023;659;1568492;Murcia;0.4201
murcia;falsificacion_informatica;2022;558;1551692;Murcia;0.3596
murcia;fraude_informatico;2024;11558;1586989;Murcia;7.283
murcia;fraude_informatico;2023;12310;1568492;Murcia;7.8483
murcia;fraude_informatico;2022;8651;1551692;Murcia;5.5752
murcia;interferencia_en_los_datos_y_en_el_sistema;2024;41;1586989;Murcia;0.0258
murcia;interferencia_en_los_datos_y_en_el_sistema;2023;61;1568492;Murcia;0.0389
murcia;interferencia_en_los_datos_y_en_el_sistema;2022;26;1551692;Murcia;0.0168
navarra;acceso__e_interceptacion_ilicita;2024;183;683854;Navarra;0.2676
navarra;acceso__e_interceptacion_ilicita;2023;187;678333;Navarra;0.2757
navarra;acceso__e_interceptacion_ilicita;2022;92;672155;Navarra;0.1369
navarra;amenazas_y_coacciones;2024;335;683854;Navarra;0.4899
navarra;amenazas_y_coacciones;2023;343;678333;Navarra;0.5057
navarra;amenazas_y_coacciones;2022;303;672155;Navarra;0.4508
navarra;contra_el_honor;2024;28;683854;Navarra;0.0409
navarra;contra_el_honor;2023;18;678333;Navarra;0.0265
navarra;contra_el_honor;2022;18;672155;Navarra;0.0268
navarra;contra_la_propiedad_industrial/intelectual;2024;2;683854;Navarra;0.0029
navarra;contra_la_propiedad_industrial/intelectual;2023;5;678333;Navarra;0.0074
navarra;contra_la_propiedad_industrial/intelectual;2022;2;672155;Navarra;0.003
navarra;delitos_sexuales;2024;50;683854;Navarra;0.0731
navarra;delitos_sexuales;2023;50;678333;Navarra;0.0737
navarra;delitos_sexuales;2022;26;672155;Navarra;0.0387
navarra;falsificacion_informatica;2024;283;683854;Navarra;0.4138
navarra;falsificacion_informatica;2023;267;678333;Navarra;0.3936
navarra;falsificacion_informatica;2022;214;672155;Navarra;0.3184
navarra;fraude_informatico;2024;6090;683854;Navarra;8.9054
navarra;fraude_informatico;2023;6576;678333;Navarra;9.6944
navarra;fraude_informatico;2022;4816;672155;Navarra;7.165
navarra;interferencia_en_los_datos_y_en_el_sistema;2024;21;683854;Navarra;0.0307
navarra;interferencia_en_los_datos_y_en_el_sistema;2023;29;678333;Navarra;0.0428
navarra;interferencia_en_los_datos_y_en_el_sistema;2022;28;672155;Navarra;0.0417
ourense;acceso__e_interceptacion_ilicita;2024;78;305278;Galicia;0.2555
ourense;acceso__e_interceptacion_ilicita;2023;22;304467;Galicia;0.0723
ourense;acceso__e_interceptacion_ilicita;2022;14;304563;Galicia;0.046
ourense;amenazas_y_coacciones;2024;163;305278;Galicia;0.5339
ourense;amenazas_y_coacciones;2023;179;304467;Galicia;0.5879
ourense;amenazas_y_coacciones;2022;117;304563;Galicia;0.3842
ourense;contra_el_honor;2024;15;305278;Galicia;0.0491
ourense;contra_el_honor;2023;24;304467;Galicia;0.0788
ourense;contra_el_honor;2022;18;304563;Galicia;0.0591
ourense;contra_la_propiedad_industrial/intelectual;2024;4;305278;Galicia;0.0131
ourense;contra_la_propiedad_industrial/intelectual;2023;2;304467;Galicia;0.0066
ourense;contra_la_propiedad_industrial/intelectual;2022;1;304563;Galicia;0.0033
ourense;delitos_sexuales;2024;8;305278;Galicia;0.0262
ourense;delitos_sexuales;2023;9;304467;Galicia;0.0296
ourense;delitos_sexuales;2022;13;304563;Galicia;0.0427
ourense;falsificacion_informatica;2024;99;305278;Galicia;0.3243
ourense;falsificacion_informatica;2023;110;304467;Galicia;0.3613
ourense;falsificacion_informatica;2022;125;304563;Galicia;0.4104
ourense;fraude_informatico;2024;1842;305278;Galicia;6.0338
ourense;fraude_informatico;2023;1905;304467;Galicia;6.2568
ourense;fraude_informatico;2022;2217;304563;Galicia;7.2793
ourense;interferencia_en_los_datos_y_en_el_sistema;2024;10;305278;Galicia;0.0328
ourense;interferencia_en_los_datos_y_en_el_sistema;2023;1;304467;Galicia;0.0033
ourense;interferencia_en_los_datos_y_en_el_sistema;2022;6;304563;Galicia;0.0197
asturias;acceso__e_interceptacion_ilicita;2024;322;1015128;Asturias;0.3172
asturias;acceso__e_interceptacion_ilicita;2023;143;1009599;Asturias;0.1416
asturias;acceso__e_interceptacion_ilicita;2022;121;1006060;Asturias;0.1203
asturias;amenazas_y_coacciones;2024;328;1015128;Asturias;0.3231
asturias;amenazas_y_coacciones;2023;302;1009599;Asturias;0.2991
asturias;amenazas_y_coacciones;2022;362;1006060;Asturias;0.3598
asturias;contra_el_honor;2024;25;1015128;Asturias;0.0246
asturias;contra_el_honor;2023;27;1009599;Asturias;0.0267
asturias;contra_el_honor;2022;51;1006060;Asturias;0.0507
asturias;contra_la_propiedad_industrial/intelectual;2024;8;1015128;Asturias;0.0079
asturias;contra_la_propiedad_industrial/intelectual;2023;3;1009599;Asturias;0.003
asturias;contra_la_propiedad_industrial/intelectual;2022;2;1006060;Asturias;0.002
asturias;delitos_sexuales;2024;27;1015128;Asturias;0.0266
asturias;delitos_sexuales;2023;27;1009599;Asturias;0.0267
asturias;delitos_sexuales;2022;39;1006060;Asturias;0.0388
asturias;falsificacion_informatica;2024;303;1015128;Asturias;0.2985
asturias;falsificacion_informatica;2023;213;1009599;Asturias;0.211
asturias;falsificacion_informatica;2022;281;1006060;Asturias;0.2793
asturias;fraude_informatico;2024;8117;1015128;Asturias;7.996
asturias;fraude_informatico;2023;7897;1009599;Asturias;7.8219
asturias;fraude_informatico;2022;7661;1006060;Asturias;7.6149
asturias;interferencia_en_los_datos_y_en_el_sistema;2024;53;1015128;Asturias;0.0522
asturias;interferencia_en_los_datos_y_en_el_sistema;2023;36;1009599;Asturias;0.0357
asturias;interferencia_en_los_datos_y_en_el_sistema;2022;43;1006060;Asturias;0.0427
palencia;acceso__e_interceptacion_ilicita;2024;54;158702;Castilla y León;0.3403
palencia;acceso__e_interceptacion_ilicita;2023;15;158063;Castilla y León;0.0949
palencia;acceso__e_interceptacion_ilicita;2022;12;157787;Castilla y León;0.0761
palencia;amenazas_y_coacciones;2024;57;158702;Castilla y León;0.3592
palencia;amenazas_y_coacciones;2023;54;158063;Castilla y León;0.3416
palencia;amenazas_y_coacciones;2022;69;157787;Castilla y León;0.4373
palencia;contra_el_honor;2024;2;158702;Castilla y León;0.0126
palencia;contra_el_honor;2023;4;158063;Castilla y León;0.0253
palencia;contra_el_honor;2022;2;157787;Castilla y León;0.0127
palencia;contra_la_propiedad_industrial/intelectual;2024;0;158702;Castilla y León;0.0
palencia;contra_la_propiedad_industrial/intelectual;2023;1;158063;Castilla y León;0.0063
palencia;contra_la_propiedad_industrial/intelectual;2022;0;157787;Castilla y León;0.0
palencia;delitos_sexuales;2024;5;158702;Castilla y León;0.0315
palencia;delitos_sexuales;2023;4;158063;Castilla y León;0.0253
palencia;delitos_sexuales;2022;3;157787;Castilla y León;0.019
palencia;falsificacion_informatica;2024;84;158702;Castilla y León;0.5293
palencia;falsificacion_informatica;2023;36;158063;Castilla y León;0.2278
palencia;falsificacion_informatica;2022;30;157787;Castilla y León;0.1901
palencia;fraude_informatico;2024;1432;158702;Castilla y León;9.0232
palencia;fraude_informatico;2023;1324;158063;Castilla y León;8.3764
palencia;fraude_informatico;2022;1274;157787;Castilla y León;8.0742
palencia;interferencia_en_los_datos_y_en_el_sistema;2024;6;158702;Castilla y León;0.0378
palencia;interferencia_en_los_datos_y_en_el_sistema;2023;0;158063;Castilla y León;0.0
palencia;interferencia_en_los_datos_y_en_el_sistema;2022;2;157787;Castilla y León;0.0127
palmas;acceso__e_interceptacion_ilicita;2024;268;1171547;Canarias;0.2288
palmas;acceso__e_interceptacion_ilicita;2023;266;1159890;Canarias;0.2293
palmas;acceso__e_interceptacion_ilicita;2022;151;1145843;Canarias;0.1318
palmas;amenazas_y_coacciones;2024;396;1171547;Canarias;0.338
palmas;amenazas_y_coacciones;2023;513;1159890;Canarias;0.4423
palmas;amenazas_y_coacciones;2022;616;1145843;Canarias;0.5376
palmas;contra_el_honor;2024;47;1171547;Canarias;0.0401
palmas;contra_el_honor;2023;45;1159890;Canarias;0.0388
palmas;contra_el_honor;2022;51;1145843;Canarias;0.0445
palmas;contra_la_propiedad_industrial/intelectual;2024;3;1171547;Canarias;0.0026
palmas;contra_la_propiedad_industrial/intelectual;2023;1;1159890;Canarias;0.0009
palmas;contra_la_propiedad_industrial/intelectual;2022;1;1145843;Canarias;0.0009
palmas;delitos_sexuales;2024;37;1171547;Canarias;0.0316
palmas;delitos_sexuales;2023;60;1159890;Canarias;0.0517
palmas;delitos_sexuales;2022;56;1145843;Canarias;0.0489
palmas;falsificacion_informatica;2024;335;1171547;Canarias;0.2859
palmas;falsificacion_informatica;2023;277;1159890;Canarias;0.2388
palmas;falsificacion_informatica;2022;288;1145843;Canarias;0.2513
palmas;fraude_informatico;2024;8401;1171547;Canarias;7.1709
palmas;fraude_informatico;2023;9152;1159890;Canarias;7.8904
palmas;fraude_informatico;2022;6853;1145843;Canarias;5.9807
palmas;interferencia_en_los_datos_y_en_el_sistema;2024;27;1171547;Canarias;0.023
palmas;interferencia_en_los_datos_y_en_el_sistema;2023;29;1159890;Canarias;0.025
palmas;interferencia_en_los_datos_y_en_el_sistema;2022;38;1145843;Canarias;0.0332
pontevedra;acceso__e_interceptacion_ilicita;2024;222;947818;Galicia;0.2342
pontevedra;acceso__e_interceptacion_ilicita;2023;189;947869;Galicia;0.1994
pontevedra;acceso__e_interceptacion_ilicita;2022;114;946710;Galicia;0.1204
pontevedra;amenazas_y_coacciones;2024;553;947818;Galicia;0.5834
pontevedra;amenazas_y_coacciones;2023;418;947869;Galicia;0.441
pontevedra;amenazas_y_coacciones;2022;475;946710;Galicia;0.5017
pontevedra;contra_el_honor;2024;68;947818;Galicia;0.0717
pontevedra;contra_el_honor;2023;41;947869;Galicia;0.0433
pontevedra;contra_el_honor;2022;72;946710;Galicia;0.0761
pontevedra;contra_la_propiedad_industrial/intelectual;2024;2;947818;Galicia;0.0021
pontevedra;contra_la_propiedad_industrial/intelectual;2023;3;947869;Galicia;0.0032
pontevedra;contra_la_propiedad_industrial/intelectual;2022;0;946710;Galicia;0.0
pontevedra;delitos_sexuales;2024;35;947818;Galicia;0.0369
pontevedra;delitos_sexuales;2023;36;947869;Galicia;0.038
pontevedra;delitos_sexuales;2022;25;946710;Galicia;0.0264
pontevedra;falsificacion_informatica;2024;485;947818;Galicia;0.5117
pontevedra;falsificacion_informatica;2023;397;947869;Galicia;0.4188
pontevedra;falsificacion_informatica;2022;261;946710;Galicia;0.2757
pontevedra;fraude_informatico;2024;7701;947818;Galicia;8.125
pontevedra;fraude_informatico;2023;7379;947869;Galicia;7.7848
pontevedra;fraude_informatico;2022;7034;946710;Galicia;7.4299
pontevedra;interferencia_en_los_datos_y_en_el_sistema;2024;88;947818;Galicia;0.0928
pontevedra;interferencia_en_los_datos_y_en_el_sistema;2023;64;947869;Galicia;0.0675
pontevedra;interferencia_en_los_datos_y_en_el_sistema;2022;54;946710;Galicia;0.057
salamanca;acceso__e_interceptacion_ilicita;2024;151;328446;Castilla y León;0.4597
salamanca;acceso__e_interceptacion_ilicita;2023;99;327552;Castilla y León;0.3022
salamanca;acceso__e_interceptacion_ilicita;2022;57;327089;Castilla y León;0.1743
salamanca;amenazas_y_coacciones;2024;151;328446;Castilla y León;0.4597
salamanca;amenazas_y_coacciones;2023;173;327552;Castilla y León;0.5282
salamanca;amenazas_y_coacciones;2022;157;327089;Castilla y León;0.48
salamanca;contra_el_honor;2024;10;328446;Castilla y León;0.0304
salamanca;contra_el_honor;2023;9;327552;Castilla y León;0.0275
salamanca;contra_el_honor;2022;4;327089;Castilla y León;0.0122
salamanca;contra_la_propiedad_industrial/intelectual;2024;2;328446;Castilla y León;0.0061
salamanca;contra_la_propiedad_industrial/intelectual;2023;0;327552;Castilla y León;0.0
salamanca;contra_la_propiedad_industrial/intelectual;2022;1;327089;Castilla y León;0.0031
salamanca;delitos_sexuales;2024;9;328446;Castilla y León;0.0274
salamanca;delitos_sexuales;2023;13;327552;Castilla y León;0.0397
salamanca;delitos_sexuales;2022;7;327089;Castilla y León;0.0214
salamanca;falsificacion_informatica;2024;286;328446;Castilla y León;0.8708
salamanca;falsificacion_informatica;2023;267;327552;Castilla y León;0.8151
salamanca;falsificacion_informatica;2022;242;327089;Castilla y León;0.7399
salamanca;fraude_informatico;2024;3167;328446;Castilla y León;9.6424
salamanca;fraude_informatico;2023;3221;327552;Castilla y León;9.8336
salamanca;fraude_informatico;2022;3002;327089;Castilla y León;9.1779
salamanca;interferencia_en_los_datos_y_en_el_sistema;2024;32;328446;Castilla y León;0.0974
salamanca;interferencia_en_los_datos_y_en_el_sistema;2023;19;327552;Castilla y León;0.058
salamanca;interferencia_en_los_datos_y_en_el_sistema;2022;38;327089;Castilla y León;0.1162
santa_cruz_de_tenerife;acceso__e_interceptacion_ilicita;2024;150;1087319;Canarias;0.138
santa_cruz_de_tenerife;acceso__e_interceptacion_ilicita;2023;97;1078864;Canarias;0.0899
santa_cruz_de_tenerife;acceso__e_interceptacion_ilicita;2022;101;1067173;Canarias;0.0946
santa_cruz_de_tenerife;amenazas_y_coacciones;2024;370;1087319;Canarias;0.3403
santa_cruz_de_tenerife;amenazas_y_coacciones;2023;358;1078864;Canarias;0.3318
santa_cruz_de_tenerife;amenazas_y_coacciones;2022;412;1067173;Canarias;0.3861
santa_cruz_de_tenerife;contra_el_honor;2024;13;1087319;Canarias;0.012
santa_cruz_de_tenerife;contra_el_honor;2023;18;1078864;Canarias;0.0167
santa_cruz_de_tenerife;contra_el_honor;2022;21;1067173;Canarias;0.0197
santa_cruz_de_tenerife;contra_la_propiedad_industrial/intelectual;2024;2;1087319;Canarias;0.0018
santa_cruz_de_tenerife;contra_la_propiedad_industrial/intelectual;2023;3;1078864;Canarias;0.0028
santa_cruz_de_tenerife;contra_la_propiedad_industrial/intelectual;2022;1;1067173;Canarias;0.0009
santa_cruz_de_tenerife;delitos_sexuales;2024;33;1087319;Canarias;0.0303
santa_cruz_de_tenerife;delitos_sexuales;2023;32;1078864;Canarias;0.0297
santa_cruz_de_tenerife;delitos_sexuales;2022;41;1067173;Canarias;0.0384
santa_cruz_de_tenerife;falsificacion_informatica;2024;285;1087319;Canarias;0.2621
santa_cruz_de_tenerife;falsificacion_informatica;2023;194;1078864;Canarias;0.1798
santa_cruz_de_tenerife;falsificacion_informatica;2022;185;1067173;Canarias;0.1734
santa_cruz_de_tenerife;fraude_informatico;2024;6363;1087319;Canarias;5.852
santa_cruz_de_tenerife;fraude_informatico;2023;6600;1078864;Canarias;6.1175
santa_cruz_de_tenerife;fraude_informatico;2022;4846;1067173;Canarias;4.541
santa_cruz_de_tenerife;interferencia_en_los_datos_y_en_el_sistema;2024;27;1087319;Canarias;0.0248
santa_cruz_de_tenerife;interferencia_en_los_datos_y_en_el_sistema;2023;26;1078864;Canarias;0.0241
santa_cruz_de_tenerife;interferencia_en_los_datos_y_en_el_sistema;2022;23;1067173;Canarias;0.0216
cantabria;acceso__e_interceptacion_ilicita;2024;209;593623;Cantabria;0.3521
cantabria;acceso__e_interceptacion_ilicita;2023;129;590851;Cantabria;0.2183
cantabria;acceso__e_interceptacion_ilicita;2022;79;588387;Cantabria;0.1343
cantabria;amenazas_y_coacciones;2024;258;593623;Cantabria;0.4346
cantabria;amenazas_y_coacciones;2023;249;590851;Cantabria;0.4214
cantabria;amenazas_y_coacciones;2022;208;588387;Cantabria;0.3535
cantabria;contra_el_honor;2024;11;593623;Cantabria;0.0185
cantabria;contra_el_honor;2023;9;590851;Cantabria;0.0152
cantabria;contra_el_honor;2022;11;588387;Cantabria;0.0187
cantabria;contra_la_propiedad_industrial/intelectual;2024;6;593623;Cantabria;0.0101
cantabria;contra_la_propiedad_industrial/intelectual;2023;14;590851;Cantabria;0.0237
cantabria;contra_la_propiedad_industrial/intelectual;2022;1;588387;Cantabria;0.0017
cantabria;delitos_sexuales;2024;30;593623;Cantabria;0.0505
cantabria;delitos_sexuales;2023;12;590851;Cantabria;0.0203
cantabria;delitos_sexuales;2022;22;588387;Cantabria;0.0374
cantabria;falsificacion_informatica;2024;207;593623;Cantabria;0.3487
cantabria;falsificacion_informatica;2023;95;590851;Cantabria;0.1608
cantabria;falsificacion_informatica;2022;103;588387;Cantabria;0.1751
cantabria;fraude_informatico;2024;5774;593623;Cantabria;9.7267
cantabria;fraude_informatico;2023;5428;590851;Cantabria;9.1867
cantabria;fraude_informatico;2022;4349;588387;Cantabria;7.3914
cantabria;interferencia_en_los_datos_y_en_el_sistema;2024;41;593623;Cantabria;0.0691
cantabria;interferencia_en_los_datos_y_en_el_sistema;2023;32;590851;Cantabria;0.0542
cantabria;interferencia_en_los_datos_y_en_el_sistema;2022;33;588387;Cantabria;0.0561
segovia;acceso__e_interceptacion_ilicita;2024;19;158251;Castilla y León;0.1201
segovia;acceso__e_interceptacion_ilicita;2023;17;156620;Castilla y León;0.1085
segovia;acceso__e_interceptacion_ilicita;2022;14;155332;Castilla y León;0.0901
segovia;amenazas_y_coacciones;2024;71;158251;Castilla y León;0.4487
segovia;amenazas_y_coacciones;2023;81;156620;Castilla y León;0.5172
segovia;amenazas_y_coacciones;2022;69;155332;Castilla y León;0.4442
segovia;contra_el_honor;2024;5;158251;Castilla y León;0.0316
segovia;contra_el_honor;2023;18;156620;Castilla y León;0.1149
segovia;contra_el_honor;2022;8;155332;Castilla y León;0.0515
segovia;contra_la_propiedad_industrial/intelectual;2024;0;158251;Castilla y León;0.0
segovia;contra_la_propiedad_industrial/intelectual;2023;0;156620;Castilla y León;0.0
segovia;contra_la_propiedad_industrial/intelectual;2022;0;155332;Castilla y León;0.0
segovia;delitos_sexuales;2024;4;158251;Castilla y León;0.0253
segovia;delitos_sexuales;2023;7;156620;Castilla y León;0.0447
segovia;delitos_sexuales;2022;3;155332;Castilla y León;0.0193
segovia;falsificacion_informatica;2024;73;158251;Castilla y León;0.4613
segovia;falsificacion_informatica;2023;76;156620;Castilla y León;0.4853
segovia;falsificacion_informatica;2022;95;155332;Castilla y León;0.6116
segovia;fraude_informatico;2024;1731;158251;Castilla y León;10.9383
segovia;fraude_informatico;2023;1655;156620;Castilla y León;10.567
segovia;fraude_informatico;2022;1110;155332;Castilla y León;7.146
segovia;interferencia_en_los_datos_y_en_el_sistema;2024;2;158251;Castilla y León;0.0126
segovia;interferencia_en_los_datos_y_en_el_sistema;2023;1;156620;Castilla y León;0.0064
segovia;interferencia_en_los_datos_y_en_el_sistema;2022;1;155332;Castilla y León;0.0064
sevilla;acceso__e_interceptacion_ilicita;2024;602;1977664;Andalucía;0.3044
sevilla;acceso__e_interceptacion_ilicita;2023;453;1968624;Andalucía;0.2301
sevilla;acceso__e_interceptacion_ilicita;2022;314;1959394;Andalucía;0.1603
sevilla;amenazas_y_coacciones;2024;1071;1977664;Andalucía;0.5415
sevilla;amenazas_y_coacciones;2023;909;1968624;Andalucía;0.4617
sevilla;amenazas_y_coacciones;2022;879;1959394;Andalucía;0.4486
sevilla;contra_el_honor;2024;89;1977664;Andalucía;0.045
sevilla;contra_el_honor;2023;86;1968624;Andalucía;0.0437
sevilla;contra_el_honor;2022;95;1959394;Andalucía;0.0485
sevilla;contra_la_propiedad_industrial/intelectual;2024;4;1977664;Andalucía;0.002
sevilla;contra_la_propiedad_industrial/intelectual;2023;4;1968624;Andalucía;0.002
sevilla;contra_la_propiedad_industrial/intelectual;2022;8;1959394;Andalucía;0.0041
sevilla;delitos_sexuales;2024;81;1977664;Andalucía;0.041
sevilla;delitos_sexuales;2023;131;1968624;Andalucía;0.0665
sevilla;delitos_sexuales;2022;136;1959394;Andalucía;0.0694
sevilla;falsificacion_informatica;2024;412;1977664;Andalucía;0.2083
sevilla;falsificacion_informatica;2023;249;1968624;Andalucía;0.1265
sevilla;falsificacion_informatica;2022;241;1959394;Andalucía;0.123
sevilla;fraude_informatico;2024;16998;1977664;Andalucía;8.595
sevilla;fraude_informatico;2023;17022;1968624;Andalucía;8.6466
sevilla;fraude_informatico;2022;12850;1959394;Andalucía;6.5582
sevilla;interferencia_en_los_datos_y_en_el_sistema;2024;111;1977664;Andalucía;0.0561
sevilla;interferencia_en_los_datos_y_en_el_sistema;2023;107;1968624;Andalucía;0.0544
sevilla;interferencia_en_los_datos_y_en_el_sistema;2022;67;1959394;Andalucía;0.0342
soria;acceso__e_interceptacion_ilicita;2024;9;90183;Castilla y León;0.0998
soria;acceso__e_interceptacion_ilicita;2023;12;90073;Castilla y León;0.1332
soria;acceso__e_interceptacion_ilicita;2022;10;89528;Castilla y León;0.1117
soria;amenazas_y_coacciones;2024;39;90183;Castilla y León;0.4325
soria;amenazas_y_coacciones;2023;41;90073;Castilla y León;0.4552
soria;amenazas_y_coacciones;2022;44;89528;Castilla y León;0.4915
soria;contra_el_honor;2024;6;90183;Castilla y León;0.0665
soria;contra_el_honor;2023;2;90073;Castilla y León;0.0222
soria;contra_el_honor;2022;1;89528;Castilla y León;0.0112
soria;contra_la_propiedad_industrial/intelectual;2024;0;90183;Castilla y León;0.0
soria;contra_la_propiedad_industrial/intelectual;2023;1;90073;Castilla y León;0.0111
soria;contra_la_propiedad_industrial/intelectual;2022;0;89528;Castilla y León;0.0
soria;delitos_sexuales;2024;1;90183;Castilla y León;0.0111
soria;delitos_sexuales;2023;2;90073;Castilla y León;0.0222
soria;delitos_sexuales;2022;3;89528;Castilla y León;0.0335
soria;falsificacion_informatica;2024;54;90183;Castilla y León;0.5988
soria;falsificacion_informatica;2023;43;90073;Castilla y León;0.4774
soria;falsificacion_informatica;2022;19;89528;Castilla y León;0.2122
soria;fraude_informatico;2024;893;90183;Castilla y León;9.9021
soria;fraude_informatico;2023;1120;90073;Castilla y León;12.4344
soria;fraude_informatico;2022;961;89528;Castilla y León;10.7341
soria;interferencia_en_los_datos_y_en_el_sistema;2024;6;90183;Castilla y León;0.0665
soria;interferencia_en_los_datos_y_en_el_sistema;2023;6;90073;Castilla y León;0.0666
soria;interferencia_en_los_datos_y_en_el_sistema;2022;5;89528;Castilla y León;0.0558
tarragona;acceso__e_interceptacion_ilicita;2024;64;875530;Cataluña;0.0731
tarragona;acceso__e_interceptacion_ilicita;2023;75;861744;Cataluña;0.087
tarragona;acceso__e_interceptacion_ilicita;2022;87;848592;Cataluña;0.1025
tarragona;amenazas_y_coacciones;2024;88;875530;Cataluña;0.1005
tarragona;amenazas_y_coacciones;2023;67;861744;Cataluña;0.0777
tarragona;amenazas_y_coacciones;2022;76;848592;Cataluña;0.0896
tarragona;contra_el_honor;2024;1;875530;Cataluña;0.0011
tarragona;contra_el_honor;2023;1;861744;Cataluña;0.0012
tarragona;contra_el_honor;2022;0;848592;Cataluña;0.0
tarragona;contra_la_propiedad_industrial/intelectual;2024;1;875530;Cataluña;0.0011
tarragona;contra_la_propiedad_industrial/intelectual;2023;0;861744;Cataluña;0.0
tarragona;contra_la_propiedad_industrial/intelectual;2022;4;848592;Cataluña;0.0047
tarragona;delitos_sexuales;2024;17;875530;Cataluña;0.0194
tarragona;delitos_sexuales;2023;16;861744;Cataluña;0.0186
tarragona;delitos_sexuales;2022;16;848592;Cataluña;0.0189
tarragona;falsificacion_informatica;2024;520;875530;Cataluña;0.5939
tarragona;falsificacion_informatica;2023;77;861744;Cataluña;0.0894
tarragona;falsificacion_informatica;2022;81;848592;Cataluña;0.0955
tarragona;fraude_informatico;2024;7152;875530;Cataluña;8.1688
tarragona;fraude_informatico;2023;7586;861744;Cataluña;8.8031
tarragona;fraude_informatico;2022;5906;848592;Cataluña;6.9598
tarragona;interferencia_en_los_datos_y_en_el_sistema;2024;6;875530;Cataluña;0.0069
tarragona;interferencia_en_los_datos_y_en_el_sistema;2023;7;861744;Cataluña;0.0081
tarragona;interferencia_en_los_datos_y_en_el_sistema;2022;5;848592;Cataluña;0.0059
teruel;acceso__e_interceptacion_ilicita;2024;10;136091;Aragón;0.0735
teruel;acceso__e_interceptacion_ilicita;2023;10;135309;Aragón;0.0739
teruel;acceso__e_interceptacion_ilicita;2022;4;135046;Aragón;0.0296
teruel;amenazas_y_coacciones;2024;75;136091;Aragón;0.5511
teruel;amenazas_y_coacciones;2023;74;135309;Aragón;0.5469
teruel;amenazas_y_coacciones;2022;43;135046;Aragón;0.3184
teruel;contra_el_honor;2024;4;136091;Aragón;0.0294
teruel;contra_el_honor;2023;3;135309;Aragón;0.0222
teruel;contra_el_honor;2022;2;135046;Aragón;0.0148
teruel;contra_la_propiedad_industrial/intelectual;2024;1;136091;Aragón;0.0073
teruel;contra_la_propiedad_industrial/intelectual;2023;0;135309;Aragón;0.0
teruel;contra_la_propiedad_industrial/intelectual;2022;1;135046;Aragón;0.0074
teruel;delitos_sexuales;2024;4;136091;Aragón;0.0294
teruel;delitos_sexuales;2023;1;135309;Aragón;0.0074
teruel;delitos_sexuales;2022;5;135046;Aragón;0.037
teruel;falsificacion_informatica;2024;66;136091;Aragón;0.485
teruel;falsificacion_informatica;2023;41;135309;Aragón;0.303
teruel;falsificacion_informatica;2022;22;135046;Aragón;0.1629
teruel;fraude_informatico;2024;1129;136091;Aragón;8.2959
teruel;fraude_informatico;2023;1154;135309;Aragón;8.5286
teruel;fraude_informatico;2022;775;135046;Aragón;5.7388
teruel;interferencia_en_los_datos_y_en_el_sistema;2024;6;136091;Aragón;0.0441
teruel;interferencia_en_los_datos_y_en_el_sistema;2023;6;135309;Aragón;0.0443
teruel;interferencia_en_los_datos_y_en_el_sistema;2022;2;135046;Aragón;0.0148
toledo;acceso__e_interceptacion_ilicita;2024;123;755081;Castilla-La Mancha;0.1629
toledo;acceso__e_interceptacion_ilicita;2023;48;743165;Castilla-La Mancha;0.0646
toledo;acceso__e_interceptacion_ilicita;2022;36;731112;Castilla-La Mancha;0.0492
toledo;amenazas_y_coacciones;2024;333;755081;Castilla-La Mancha;0.441
toledo;amenazas_y_coacciones;2023;406;743165;Castilla-La Mancha;0.5463
toledo;amenazas_y_coacciones;2022;430;731112;Castilla-La Mancha;0.5881
toledo;contra_el_honor;2024;27;755081;Castilla-La Mancha;0.0358
toledo;contra_el_honor;2023;39;743165;Castilla-La Mancha;0.0525
toledo;contra_el_honor;2022;20;731112;Castilla-La Mancha;0.0274
toledo;contra_la_propiedad_industrial/intelectual;2024;2;755081;Castilla-La Mancha;0.0026
toledo;contra_la_propiedad_industrial/intelectual;2023;0;743165;Castilla-La Mancha;0.0
toledo;contra_la_propiedad_industrial/intelectual;2022;0;731112;Castilla-La Mancha;0.0
toledo;delitos_sexuales;2024;25;755081;Castilla-La Mancha;0.0331
toledo;delitos_sexuales;2023;20;743165;Castilla-La Mancha;0.0269
toledo;delitos_sexuales;2022;31;731112;Castilla-La Mancha;0.0424
toledo;falsificacion_informatica;2024;387;755081;Castilla-La Mancha;0.5125
toledo;falsificacion_informatica;2023;378;743165;Castilla-La Mancha;0.5086
toledo;falsificacion_informatica;2022;390;731112;Castilla-La Mancha;0.5334
toledo;fraude_informatico;2024;5848;755081;Castilla-La Mancha;7.7449
toledo;fraude_informatico;2023;6284;743165;Castilla-La Mancha;8.4557
toledo;fraude_informatico;2022;4800;731112;Castilla-La Mancha;6.5653
toledo;interferencia_en_los_datos_y_en_el_sistema;2024;18;755081;Castilla-La Mancha;0.0238
toledo;interferencia_en_los_datos_y_en_el_sistema;2023;17;743165;Castilla-La Mancha;0.0229
toledo;interferencia_en_los_datos_y_en_el_sistema;2022;10;731112;Castilla-La Mancha;0.0137
valencia;acceso__e_interceptacion_ilicita;2024;485;2763996;C. Valenciana;0.1755
valencia;acceso__e_interceptacion_ilicita;2023;401;2710808;C. Valenciana;0.1479
valencia;acceso__e_interceptacion_ilicita;2022;277;2656841;C. Valenciana;0.1043
valencia;amenazas_y_coacciones;2024;929;2763996;C. Valenciana;0.3361
valencia;amenazas_y_coacciones;2023;1030;2710808;C. Valenciana;0.38
valencia;amenazas_y_coacciones;2022;1053;2656841;C. Valenciana;0.3963
valencia;contra_el_honor;2024;60;2763996;C. Valenciana;0.0217
valencia;contra_el_honor;2023;73;2710808;C. Valenciana;0.0269
valencia;contra_el_honor;2022;84;2656841;C. Valenciana;0.0316
valencia;contra_la_propiedad_industrial/intelectual;2024;20;2763996;C. Valenciana;0.0072
valencia;contra_la_propiedad_industrial/intelectual;2023;7;2710808;C. Valenciana;0.0026
valencia;contra_la_propiedad_industrial/intelectual;2022;4;2656841;C. Valenciana;0.0015
valencia;delitos_sexuales;2024;102;2763996;C. Valenciana;0.0369
valencia;delitos_sexuales;2023;81;2710808;C. Valenciana;0.0299
valencia;delitos_sexuales;2022;72;2656841;C. Valenciana;0.0271
valencia;falsificacion_informatica;2024;1229;2763996;C. Valenciana;0.4446
valencia;falsificacion_informatica;2023;1482;2710808;C. Valenciana;0.5467
valencia;falsificacion_informatica;2022;1105;2656841;C. Valenciana;0.4159
valencia;fraude_informatico;2024;21457;2763996;C. Valenciana;7.763
valencia;fraude_informatico;2023;21967;2710808;C. Valenciana;8.1035
valencia;fraude_informatico;2022;15623;2656841;C. Valenciana;5.8803
valencia;interferencia_en_los_datos_y_en_el_sistema;2024;179;2763996;C. Valenciana;0.0648
valencia;interferencia_en_los_datos_y_en_el_sistema;2023;151;2710808;C. Valenciana;0.0557
valencia;interferencia_en_los_datos_y_en_el_sistema;2022;136;2656841;C. Valenciana;0.0512
valladolid;acceso__e_interceptacion_ilicita;2024;142;528644;Castilla y León;0.2686
valladolid;acceso__e_interceptacion_ilicita;2023;91;525116;Castilla y León;0.1733
valladolid;acceso__e_interceptacion_ilicita;2022;119;521333;Castilla y León;0.2283
valladolid;amenazas_y_coacciones;2024;226;528644;Castilla y León;0.4275
valladolid;amenazas_y_coacciones;2023;224;525116;Castilla y León;0.4266
valladolid;amenazas_y_coacciones;2022;180;521333;Castilla y León;0.3453
valladolid;contra_el_honor;2024;14;528644;Castilla y León;0.0265
valladolid;contra_el_honor;2023;16;525116;Castilla y León;0.0305
valladolid;contra_el_honor;2022;12;521333;Castilla y León;0.023
valladolid;contra_la_propiedad_industrial/intelectual;2024;1;528644;Castilla y León;0.0019
valladolid;contra_la_propiedad_industrial/intelectual;2023;3;525116;Castilla y León;0.0057
valladolid;contra_la_propiedad_industrial/intelectual;2022;1;521333;Castilla y León;0.0019
valladolid;delitos_sexuales;2024;13;528644;Castilla y León;0.0246
valladolid;delitos_sexuales;2023;17;525116;Castilla y León;0.0324
valladolid;delitos_sexuales;2022;23;521333;Castilla y León;0.0441
valladolid;falsificacion_informatica;2024;271;528644;Castilla y León;0.5126
valladolid;falsificacion_informatica;2023;239;525116;Castilla y León;0.4551
valladolid;falsificacion_informatica;2022;126;521333;Castilla y León;0.2417
valladolid;fraude_informatico;2024;5339;528644;Castilla y León;10.0994
valladolid;fraude_informatico;2023;5393;525116;Castilla y León;10.2701
valladolid;fraude_informatico;2022;4775;521333;Castilla y León;9.1592
valladolid;interferencia_en_los_datos_y_en_el_sistema;2024;67;528644;Castilla y León;0.1267
valladolid;interferencia_en_los_datos_y_en_el_sistema;2023;76;525116;Castilla y León;0.1447
valladolid;interferencia_en_los_datos_y_en_el_sistema;2022;48;521333;Castilla y León;0.0921
bizkaia;acceso__e_interceptacion_ilicita;2024;162;1167233;País Vasco;0.1388
bizkaia;acceso__e_interceptacion_ilicita;2023;153;1159368;País Vasco;0.132
bizkaia;acceso__e_interceptacion_ilicita;2022;138;1153282;País Vasco;0.1197
bizkaia;amenazas_y_coacciones;2024;646;1167233;País Vasco;0.5534
bizkaia;amenazas_y_coacciones;2023;648;1159368;País Vasco;0.5589
bizkaia;amenazas_y_coacciones;2022;447;1153282;País Vasco;0.3876
bizkaia;contra_el_honor;2024;4;1167233;País Vasco;0.0034
bizkaia;contra_el_honor;2023;1;1159368;País Vasco;0.0009
bizkaia;contra_el_honor;2022;3;1153282;País Vasco;0.0026
bizkaia;contra_la_propiedad_industrial/intelectual;2024;8;1167233;País Vasco;0.0069
bizkaia;contra_la_propiedad_industrial/intelectual;2023;4;1159368;País Vasco;0.0035
bizkaia;contra_la_propiedad_industrial/intelectual;2022;3;1153282;País Vasco;0.0026
bizkaia;delitos_sexuales;2024;35;1167233;País Vasco;0.03
bizkaia;delitos_sexuales;2023;34;1159368;País Vasco;0.0293
bizkaia;delitos_sexuales;2022;37;1153282;País Vasco;0.0321
bizkaia;falsificacion_informatica;2024;573;1167233;País Vasco;0.4909
bizkaia;falsificacion_informatica;2023;578;1159368;País Vasco;0.4985
bizkaia;falsificacion_informatica;2022;521;1153282;País Vasco;0.4518
bizkaia;fraude_informatico;2024;12056;1167233;País Vasco;10.3287
bizkaia;fraude_informatico;2023;13061;1159368;País Vasco;11.2656
bizkaia;fraude_informatico;2022;10103;1153282;País Vasco;8.7602
bizkaia;interferencia_en_los_datos_y_en_el_sistema;2024;10;1167233;País Vasco;0.0086
bizkaia;interferencia_en_los_datos_y_en_el_sistema;2023;11;1159368;País Vasco;0.0095
bizkaia;interferencia_en_los_datos_y_en_el_sistema;2022;25;1153282;País Vasco;0.0217
zamora;acceso__e_interceptacion_ilicita;2024;23;165564;Castilla y León;0.1389
zamora;acceso__e_interceptacion_ilicita;2023;14;166253;Castilla y León;0.0842
zamora;acceso__e_interceptacion_ilicita;2022;22;166927;Castilla y León;0.1318
zamora;amenazas_y_coacciones;2024;66;165564;Castilla y León;0.3986
zamora;amenazas_y_coacciones;2023;67;166253;Castilla y León;0.403
zamora;amenazas_y_coacciones;2022;45;166927;Castilla y León;0.2696
zamora;contra_el_honor;2024;5;165564;Castilla y León;0.0302
zamora;contra_el_honor;2023;4;166253;Castilla y León;0.0241
zamora;contra_el_honor;2022;4;166927;Castilla y León;0.024
zamora;contra_la_propiedad_industrial/intelectual;2024;0;165564;Castilla y León;0.0
zamora;contra_la_propiedad_industrial/intelectual;2023;0;166253;Castilla y León;0.0
zamora;contra_la_propiedad_industrial/intelectual;2022;0;166927;Castilla y León;0.0
zamora;delitos_sexuales;2024;4;165564;Castilla y León;0.0242
zamora;delitos_sexuales;2023;3;166253;Castilla y León;0.018
zamora;delitos_sexuales;2022;9;166927;Castilla y León;0.0539
zamora;falsificacion_informatica;2024;57;165564;Castilla y León;0.3443
zamora;falsificacion_informatica;2023;61;166253;Castilla y León;0.3669
zamora;falsificacion_informatica;2022;16;166927;Castilla y León;0.0959
zamora;fraude_informatico;2024;1212;165564;Castilla y León;7.3204
zamora;fraude_informatico;2023;1262;166253;Castilla y León;7.5908
zamora;fraude_informatico;2022;874;166927;Castilla y León;5.2358
zamora;interferencia_en_los_datos_y_en_el_sistema;2024;5;165564;Castilla y León;0.0302
zamora;interferencia_en_los_datos_y_en_el_sistema;2023;2;166253;Castilla y León;0.012
zamora;interferencia_en_los_datos_y_en_el_sistema;2022;8;166927;Castilla y León;0.0479
zaragoza;acceso__e_interceptacion_ilicita;2024;198;998443;Aragón;0.1983
zaragoza;acceso__e_interceptacion_ilicita;2023;115;987763;Aragón;0.1164
zaragoza;acceso__e_interceptacion_ilicita;2022;69;979365;Aragón;0.0705
zaragoza;amenazas_y_coacciones;2024;381;998443;Aragón;0.3816
zaragoza;amenazas_y_coacciones;2023;435;987763;Aragón;0.4404
zaragoza;amenazas_y_coacciones;2022;366;979365;Aragón;0.3737
zaragoza;contra_el_honor;2024;17;998443;Aragón;0.017
zaragoza;contra_el_honor;2023;27;987763;Aragón;0.0273
zaragoza;contra_el_honor;2022;20;979365;Aragón;0.0204
zaragoza;contra_la_propiedad_industrial/intelectual;2024;8;998443;Aragón;0.008
zaragoza;contra_la_propiedad_industrial/intelectual;2023;2;987763;Aragón;0.002
zaragoza;contra_la_propiedad_industrial/intelectual;2022;1;979365;Aragón;0.001
zaragoza;delitos_sexuales;2024;24;998443;Aragón;0.024
zaragoza;delitos_sexuales;2023;39;987763;Aragón;0.0395
zaragoza;delitos_sexuales;2022;36;979365;Aragón;0.0368
zaragoza;falsificacion_informatica;2024;311;998443;Aragón;0.3115
zaragoza;falsificacion_informatica;2023;261;987763;Aragón;0.2642
zaragoza;falsificacion_informatica;2022;141;979365;Aragón;0.144
zaragoza;fraude_informatico;2024;7946;998443;Aragón;7.9584
zaragoza;fraude_informatico;2023;7861;987763;Aragón;7.9584
zaragoza;fraude_informatico;2022;6568;979365;Aragón;6.7064
zaragoza;interferencia_en_los_datos_y_en_el_sistema;2024;22;998443;Aragón;0.022
zaragoza;interferencia_en_los_datos_y_en_el_sistema;2023;43;987763;Aragón;0.0435
zaragoza;interferencia_en_los_datos_y_en_el_sistema;2022;26;979365;Aragón;0.0265
ceuta;acceso__e_interceptacion_ilicita;2024;21;83567;Ceuta;0.2513
ceuta;acceso__e_interceptacion_ilicita;2023;12;83179;Ceuta;0.1443
ceuta;acceso__e_interceptacion_ilicita;2022;19;83052;Ceuta;0.2288
ceuta;amenazas_y_coacciones;2024;43;83567;Ceuta;0.5146
ceuta;amenazas_y_coacciones;2023;33;83179;Ceuta;0.3967
ceuta;amenazas_y_coacciones;2022;54;83052;Ceuta;0.6502
ceuta;contra_el_honor;2024;1;83567;Ceuta;0.012
ceuta;contra_el_honor;2023;8;83179;Ceuta;0.0962
ceuta;contra_el_honor;2022;0;83052;Ceuta;0.0
ceuta;contra_la_propiedad_industrial/intelectual;2024;0;83567;Ceuta;0.0
ceuta;contra_la_propiedad_industrial/intelectual;2023;0;83179;Ceuta;0.0
ceuta;contra_la_propiedad_industrial/intelectual;2022;1;83052;Ceuta;0.012
ceuta;delitos_sexuales;2024;5;83567;Ceuta;0.0598
ceuta;delitos_sexuales;2023;4;83179;Ceuta;0.0481
ceuta;delitos_sexuales;2022;4;83052;Ceuta;0.0482
ceuta;falsificacion_informatica;2024;22;83567;Ceuta;0.2633
ceuta;falsificacion_informatica;2023;19;83179;Ceuta;0.2284
ceuta;falsificacion_informatica;2022;20;83052;Ceuta;0.2408
ceuta;fraude_informatico;2024;497;83567;Ceuta;5.9473
ceuta;fraude_informatico;2023;514;83179;Ceuta;6.1794
ceuta;fraude_informatico;2022;469;83052;Ceuta;5.6471
ceuta;interferencia_en_los_datos_y_en_el_sistema;2024;3;83567;Ceuta;0.0359
ceuta;interferencia_en_los_datos_y_en_el_sistema;2023;2;83179;Ceuta;0.024
ceuta;interferencia_en_los_datos_y_en_el_sistema;2022;0;83052;Ceuta;0.0
melilla;acceso__e_interceptacion_ilicita;2024;35;87067;Melilla;0.402
melilla;acceso__e_interceptacion_ilicita;2023;12;85985;Melilla;0.1396
melilla;acceso__e_interceptacion_ilicita;2022;14;85493;Melilla;0.1638
melilla;amenazas_y_coacciones;2024;38;87067;Melilla;0.4364
melilla;amenazas_y_coacciones;2023;34;85985;Melilla;0.3954
melilla;amenazas_y_coacciones;2022;41;85493;Melilla;0.4796
melilla;contra_el_honor;2024;10;87067;Melilla;0.1149
melilla;contra_el_honor;2023;16;85985;Melilla;0.1861
melilla;contra_el_honor;2022;12;85493;Melilla;0.1404
melilla;contra_la_propiedad_industrial/intelectual;2024;0;87067;Melilla;0.0
melilla;contra_la_propiedad_industrial/intelectual;2023;0;85985;Melilla;0.0
melilla;contra_la_propiedad_industrial/intelectual;2022;0;85493;Melilla;0.0
melilla;delitos_sexuales;2024;4;87067;Melilla;0.0459
melilla;delitos_sexuales;2023;2;85985;Melilla;0.0233
melilla;delitos_sexuales;2022;0;85493;Melilla;0.0
melilla;falsificacion_informatica;2024;5;87067;Melilla;0.0574
melilla;falsificacion_informatica;2023;7;85985;Melilla;0.0814
melilla;falsificacion_informatica;2022;5;85493;Melilla;0.0585
melilla;fraude_informatico;2024;458;87067;Melilla;5.2603
melilla;fraude_informatico;2023;409;85985;Melilla;4.7566
melilla;fraude_informatico;2022;329;85493;Melilla;3.8483
melilla;interferencia_en_los_datos_y_en_el_sistema;2024;1;87067;Melilla;0.0115
melilla;interferencia_en_los_datos_y_en_el_sistema;2023;1;85985;Melilla;0.0116
melilla;interferencia_en_los_datos_y_en_el_sistema;2022;4;85493;Melilla;0.0468
