Provincias;Grupo penal;periodo;Total
Total Nacional;ACCESO  E INTERCEPTACIÓN ILÍCITA;2024;9773
Total Nacional;ACCESO  E INTERCEPTACIÓN ILÍCITA;2023;7367
Total Nacional;ACCESO  E INTERCEPTACIÓN ILÍCITA;2022;5578
Total Nacional;AMENAZAS Y COACCIONES;2024;17738
Total Nacional;AMENAZAS Y COACCIONES;2023;17472
Total Nacional;AMENAZAS Y COACCIONES;2022;15982
Total Nacional;CONTRA EL HONOR;2024;1128
Total Nacional;CONTRA EL HONOR;2023;1174
Total Nacional;CONTRA EL HONOR;2022;1191
Total Nacional;CONTRA LA PROPIEDAD INDUSTRIAL/INTELECTUAL;2024;227
Total Nacional;CONTRA LA PROPIEDAD INDUSTRIAL/INTELECTUAL;2023;117
Total Nacional;CONTRA LA PROPIEDAD INDUSTRIAL/INTELECTUAL;2022;114
Total Nacional;DELITOS SEXUALES;2024;1676
Total Nacional;DELITOS SEXUALES;2023;1804
Total Nacional;DELITOS SEXUALES;2022;1646
Total Nacional;FALSIFICACIÓN INFORMÁTICA;2024;19492
Total Nacional;FALSIFICACIÓN INFORMÁTICA;2023;15137
Total Nacional;FALSIFICACIÓN INFORMÁTICA;2022;12569
Total Nacional;FRAUDE INFORMÁTICO;2024;412850
Total Nacional;FRAUDE INFORMÁTICO;2023;427448
Total Nacional;FRAUDE INFORMÁTICO;2022;335995
Total Nacional;INTERFERENCIA EN LOS DATOS Y EN EL SISTEMA;2024;1917
Total Nacional;INTERFERENCIA EN LOS DATOS Y EN EL SISTEMA;2023;1741
Total Nacional;INTERFERENCIA EN LOS DATOS Y EN EL SISTEMA;2022;1662
Total Nacional;TOTAL grupo penal;2024;464801
Total Nacional;TOTAL grupo penal;2023;472260
Total Nacional;TOTAL grupo penal;2022;374737
Araba/Álava;ACCESO  E INTERCEPTACIÓN ILÍCITA;2024;32
Araba/Álava;ACCESO  E INTERCEPTACIÓN ILÍCITA;2023;49
Araba/Álava;ACCESO  E INTERCEPTACIÓN ILÍCITA;2022;38
Araba/Álava;AMENAZAS Y COACCIONES;2024;236
Araba/Álava;AMENAZAS Y COACCIONES;2023;232
Araba/Álava;AMENAZAS Y COACCIONES;2022;116
Araba/Álava;CONTRA EL HONOR;2024;0
Araba/Álava;CONTRA EL HONOR;2023;0
Araba/Álava;CONTRA EL HONOR;2022;1
Araba/Álava;CONTRA LA PROPIEDAD INDUSTRIAL/INTELECTUAL;2024;0
Araba/Álava;CONTRA LA PROPIEDAD INDUSTRIAL/INTELECTUAL;2023;2
Araba/Álava;CONTRA LA PROPIEDAD INDUSTRIAL/INTELECTUAL;2022;0
Araba/Álava;DELITOS SEXUALES;2024;18
Araba/Álava;DELITOS SEXUALES;2023;25
Araba/Álava;DELITOS SEXUALES;2022;5
Araba/Álava;FALSIFICACIÓN INFORMÁTICA;2024;197
Araba/Álava;FALSIFICACIÓN INFORMÁTICA;2023;201
Araba/Álava;FALSIFICACIÓN INFORMÁTICA;2022;205
Araba/Álava;FRAUDE INFORMÁTICO;2024;3953
Araba/Álava;FRAUDE INFORMÁTICO;2023;4139
Araba/Álava;FRAUDE INFORMÁTICO;2022;3186
Araba/Álava;INTERFERENCIA EN LOS DATOS Y EN EL SISTEMA;2024;4
Araba/Álava;INTERFERENCIA EN LOS DATOS Y EN EL SISTEMA;2023;5
Araba/Álava;INTERFERENCIA EN LOS DATOS Y EN EL SISTEMA;2022;10
Araba/Álava;TOTAL grupo penal;2024;4440
Araba/Álava;TOTAL grupo penal;2023;4653
Araba/Álava;TOTAL grupo penal;2022;3561
Albacete;ACCESO  E INTERCEPTACIÓN ILÍCITA;2024;84
Albacete;ACCESO  E INTERCEPTACIÓN ILÍCITA;2023;47
Albacete;ACCESO  E INTERCEPTACIÓN ILÍCITA;2022;57
Albacete;AMENAZAS Y COACCIONES;2024;151
Albacete;AMENAZAS Y COACCIONES;2023;158
Albacete;AMENAZAS Y COACCIONES;2022;144
Albacete;CONTRA EL HONOR;2024;17
Albacete;CONTRA EL HONOR;2023;16
Albacete;CONTRA EL HONOR;2022;15
Albacete;CONTRA LA PROPIEDAD INDUSTRIAL/INTELECTUAL;2024;9
Albacete;CONTRA LA PROPIEDAD INDUSTRIAL/INTELECTUAL;2023;3
Albacete;CONTRA LA PROPIEDAD INDUSTRIAL/INTELECTUAL;2022;5
Albacete;DELITOS SEXUALES;2024;12
Albacete;DELITOS SEXUALES;2023;16
Albacete;DELITOS SEXUALES;2022;16
Albacete;FALSIFICACIÓN INFORMÁTICA;2024;143
Albacete;FALSIFICACIÓN INFORMÁTICA;2023;111
Albacete;FALSIFICACIÓN INFORMÁTICA;2022;78
Albacete;FRAUDE INFORMÁTICO;2024;3012
Albacete;FRAUDE INFORMÁTICO;2023;3229
Albacete;FRAUDE INFORMÁTICO;2022;2966
Albacete;INTERFERENCIA EN LOS DATOS Y EN EL SISTEMA;2024;64
Albacete;INTERFERENCIA EN LOS DATOS Y EN EL SISTEMA;2023;36
Albacete;INTERFERENCIA EN LOS DATOS Y EN EL SISTEMA;2022;27
Albacete;TOTAL grupo penal;2024;3492
Albacete;TOTAL grupo penal;2023;3616
Albacete;TOTAL grupo penal;2022;3308
Alicante/Alacant;ACCESO  E INTERCEPTACIÓN ILÍCITA;2024;405
Alicante/Alacant;ACCESO  E INTERCEPTACIÓN ILÍCITA;2023;318
Alicante/Alacant;ACCESO  E INTERCEPTACIÓN ILÍCITA;2022;198
Alicante/Alacant;AMENAZAS Y COACCIONES;2024;890
Alicante/Alacant;AMENAZAS Y COACCIONES;2023;853
Alicante/Alacant;AMENAZAS Y COACCIONES;2022;713
Alicante/Alacant;CONTRA EL HONOR;2024;38
Alicante/Alacant;CONTRA EL HONOR;2023;41
Alicante/Alacant;CONTRA EL HONOR;2022;45
Alicante/Alacant;CONTRA LA PROPIEDAD INDUSTRIAL/INTELECTUAL;2024;20
Alicante/Alacant;CONTRA LA PROPIEDAD INDUSTRIAL/INTELECTUAL;2023;10
Alicante/Alacant;CONTRA LA PROPIEDAD INDUSTRIAL/INTELECTUAL;2022;7
Alicante/Alacant;DELITOS SEXUALES;2024;85
Alicante/Alacant;DELITOS SEXUALES;2023;84
Alicante/Alacant;DELITOS SEXUALES;2022;95
Alicante/Alacant;FALSIFICACIÓN INFORMÁTICA;2024;945
Alicante/Alacant;FALSIFICACIÓN INFORMÁTICA;2023;763
Alicante/Alacant;FALSIFICACIÓN INFORMÁTICA;2022;628
Alicante/Alacant;FRAUDE INFORMÁTICO;2024;15484
Alicante/Alacant;FRAUDE INFORMÁTICO;2023;15789
Alicante/Alacant;FRAUDE INFORMÁTICO;2022;11280
Alicante/Alacant;INTERFERENCIA EN LOS DATOS Y EN EL SISTEMA;2024;46
Alicante/Alacant;INTERFERENCIA EN LOS DATOS Y EN EL SISTEMA;2023;52
Alicante/Alacant;INTERFERENCIA EN LOS DATOS Y EN EL SISTEMA;2022;109
Alicante/Alacant;TOTAL grupo penal;2024;17913
Alicante/Alacant;TOTAL grupo penal;2023;17910
Alicante/Alacant;TOTAL grupo penal;2022;13075
Almería;ACCESO  E INTERCEPTACIÓN ILÍCITA;2024;140
Almería;ACCESO  E INTERCEPTACIÓN ILÍCITA;2023;87
Almería;ACCESO  E INTERCEPTACIÓN ILÍCITA;2022;39
Almería;AMENAZAS Y COACCIONES;2024;284
Almería;AMENAZAS Y COACCIONES;2023;243
Almería;AMENAZAS Y COACCIONES;2022;207
Almería;CONTRA EL HONOR;2024;19
Almería;CONTRA EL HONOR;2023;8
Almería;CONTRA EL HONOR;2022;11
Almería;CONTRA LA PROPIEDAD INDUSTRIAL/INTELECTUAL;2024;3
Almería;CONTRA LA PROPIEDAD INDUSTRIAL/INTELECTUAL;2023;1
Almería;CONTRA LA PROPIEDAD INDUSTRIAL/INTELECTUAL;2022;0
Almería;DELITOS SEXUALES;2024;25
Almería;DELITOS SEXUALES;2023;51
Almería;DELITOS SEXUALES;2022;48
Almería;FALSIFICACIÓN INFORMÁTICA;2024;214
Almería;FALSIFICACIÓN INFORMÁTICA;2023;155
Almería;FALSIFICACIÓN INFORMÁTICA;2022;127
Almería;FRAUDE INFORMÁTICO;2024;5226
Almería;FRAUDE INFORMÁTICO;2023;4414
Almería;FRAUDE INFORMÁTICO;2022;3041
Almería;INTERFERENCIA EN LOS DATOS Y EN EL SISTEMA;2024;13
Almería;INTERFERENCIA EN LOS DATOS Y EN EL SISTEMA;2023;18
Almería;INTERFERENCIA EN LOS DATOS Y EN EL SISTEMA;2022;10
Almería;TOTAL grupo penal;2024;5924
Almería;TOTAL grupo penal;2023;4977
Almería;TOTAL grupo penal;2022;3483
Ávila;ACCESO  E INTERCEPTACIÓN ILÍCITA;2024;16
Ávila;ACCESO  E INTERCEPTACIÓN ILÍCITA;2023;10
Ávila;ACCESO  E INTERCEPTACIÓN ILÍCITA;2022;7
Ávila;AMENAZAS Y COACCIONES;2024;45
Ávila;AMENAZAS Y COACCIONES;2023;49
Ávila;AMENAZAS Y COACCIONES;2022;48
Ávila;CONTRA EL HONOR;2024;8
Ávila;CONTRA EL HONOR;2023;7
Ávila;CONTRA EL HONOR;2022;4
Ávila;CONTRA LA PROPIEDAD INDUSTRIAL/INTELECTUAL;2024;0
Ávila;CONTRA LA PROPIEDAD INDUSTRIAL/INTELECTUAL;2023;0
Ávila;CONTRA LA PROPIEDAD INDUSTRIAL/INTELECTUAL;2022;0
Ávila;DELITOS SEXUALES;2024;5
Ávila;DELITOS SEXUALES;2023;5
Ávila;DELITOS SEXUALES;2022;8
Ávila;FALSIFICACIÓN INFORMÁTICA;2024;72
Ávila;FALSIFICACIÓN INFORMÁTICA;2023;80
Ávila;FALSIFICACIÓN INFORMÁTICA;2022;54
Ávila;FRAUDE INFORMÁTICO;2024;1626
Ávila;FRAUDE INFORMÁTICO;2023;1684
Ávila;FRAUDE INFORMÁTICO;2022;1094
Ávila;INTERFERENCIA EN LOS DATOS Y EN EL SISTEMA;2024;3
Ávila;INTERFERENCIA EN LOS DATOS Y EN EL SISTEMA;2023;4
Ávila;INTERFERENCIA EN LOS DATOS Y EN EL SISTEMA;2022;3
Ávila;TOTAL grupo penal;2024;1775
Ávila;TOTAL grupo penal;2023;1839
Ávila;TOTAL grupo penal;2022;1218
Badajoz;ACCESO  E INTERCEPTACIÓN ILÍCITA;2024;150
Badajoz;ACCESO  E INTERCEPTACIÓN ILÍCITA;2023;138
Badajoz;ACCESO  E INTERCEPTACIÓN ILÍCITA;2022;73
Badajoz;AMENAZAS Y COACCIONES;2024;360
Badajoz;AMENAZAS Y COACCIONES;2023;312
Badajoz;AMENAZAS Y COACCIONES;2022;249
Badajoz;CONTRA EL HONOR;2024;41
Badajoz;CONTRA EL HONOR;2023;32
Badajoz;CONTRA EL HONOR;2022;19
Badajoz;CONTRA LA PROPIEDAD INDUSTRIAL/INTELECTUAL;2024;1
Badajoz;CONTRA LA PROPIEDAD INDUSTRIAL/INTELECTUAL;2023;3
Badajoz;CONTRA LA PROPIEDAD INDUSTRIAL/INTELECTUAL;2022;2
Badajoz;DELITOS SEXUALES;2024;26
Badajoz;DELITOS SEXUALES;2023;31
Badajoz;DELITOS SEXUALES;2022;21
Badajoz;FALSIFICACIÓN INFORMÁTICA;2024;500
Badajoz;FALSIFICACIÓN INFORMÁTICA;2023;338
Badajoz;FALSIFICACIÓN INFORMÁTICA;2022;280
Badajoz;FRAUDE INFORMÁTICO;2024;4669
Badajoz;FRAUDE INFORMÁTICO;2023;4809
Badajoz;FRAUDE INFORMÁTICO;2022;4423
Badajoz;INTERFERENCIA EN LOS DATOS Y EN EL SISTEMA;2024;17
Badajoz;INTERFERENCIA EN LOS DATOS Y EN EL SISTEMA;2023;20
Badajoz;INTERFERENCIA EN LOS DATOS Y EN EL SISTEMA;2022;20
Badajoz;TOTAL grupo penal;2024;5764
Badajoz;TOTAL grupo penal;2023;5683
Badajoz;TOTAL grupo penal;2022;5087
Balears (Illes);ACCESO  E INTERCEPTACIÓN ILÍCITA;2024;246
Balears (Illes);ACCESO  E INTERCEPTACIÓN ILÍCITA;2023;215
Balears (Illes);ACCESO  E INTERCEPTACIÓN ILÍCITA;2022;240
Balears (Illes);AMENAZAS Y COACCIONES;2024;659
Balears (Illes);AMENAZAS Y COACCIONES;2023;573
Balears (Illes);AMENAZAS Y COACCIONES;2022;567
Balears (Illes);CONTRA EL HONOR;2024;25
Balears (Illes);CONTRA EL HONOR;2023;28
Balears (Illes);CONTRA EL HONOR;2022;29
Balears (Illes);CONTRA LA PROPIEDAD INDUSTRIAL/INTELECTUAL;2024;1
Balears (Illes);CONTRA LA PROPIEDAD INDUSTRIAL/INTELECTUAL;2023;4
Balears (Illes);CONTRA LA PROPIEDAD INDUSTRIAL/INTELECTUAL;2022;1
Balears (Illes);DELITOS SEXUALES;2024;57
Balears (Illes);DELITOS SEXUALES;2023;60
Balears (Illes);DELITOS SEXUALES;2022;60
Balears (Illes);FALSIFICACIÓN INFORMÁTICA;2024;433
Balears (Illes);FALSIFICACIÓN INFORMÁTICA;2023;258
Balears (Illes);FALSIFICACIÓN INFORMÁTICA;2022;313
Balears (Illes);FRAUDE INFORMÁTICO;2024;11491
Balears (Illes);FRAUDE INFORMÁTICO;2023;10299
Balears (Illes);FRAUDE INFORMÁTICO;2022;7452
Balears (Illes);INTERFERENCIA EN LOS DATOS Y EN EL SISTEMA;2024;41
Balears (Illes);INTERFERENCIA EN LOS DATOS Y EN EL SISTEMA;2023;48
Balears (Illes);INTERFERENCIA EN LOS DATOS Y EN EL SISTEMA;2022;39
Balears (Illes);TOTAL grupo penal;2024;12953
Balears (Illes);TOTAL grupo penal;2023;11485
Balears (Illes);TOTAL grupo penal;2022;8701
Barcelona;ACCESO  E INTERCEPTACIÓN ILÍCITA;2024;567
Barcelona;ACCESO  E INTERCEPTACIÓN ILÍCITA;2023;541
Barcelona;ACCESO  E INTERCEPTACIÓN ILÍCITA;2022;513
Barcelona;AMENAZAS Y COACCIONES;2024;636
Barcelona;AMENAZAS Y COACCIONES;2023;476
Barcelona;AMENAZAS Y COACCIONES;2022;495
Barcelona;CONTRA EL HONOR;2024;14
Barcelona;CONTRA EL HONOR;2023;8
Barcelona;CONTRA EL HONOR;2022;9
Barcelona;CONTRA LA PROPIEDAD INDUSTRIAL/INTELECTUAL;2024;22
Barcelona;CONTRA LA PROPIEDAD INDUSTRIAL/INTELECTUAL;2023;7
Barcelona;CONTRA LA PROPIEDAD INDUSTRIAL/INTELECTUAL;2022;9
Barcelona;DELITOS SEXUALES;2024;142
Barcelona;DELITOS SEXUALES;2023;108
Barcelona;DELITOS SEXUALES;2022;143
Barcelona;FALSIFICACIÓN INFORMÁTICA;2024;1195
Barcelona;FALSIFICACIÓN INFORMÁTICA;2023;254
Barcelona;FALSIFICACIÓN INFORMÁTICA;2022;252
Barcelona;FRAUDE INFORMÁTICO;2024;53332
Barcelona;FRAUDE INFORMÁTICO;2023;53494
Barcelona;FRAUDE INFORMÁTICO;2022;45021
Barcelona;INTERFERENCIA EN LOS DATOS Y EN EL SISTEMA;2024;57
Barcelona;INTERFERENCIA EN LOS DATOS Y EN EL SISTEMA;2023;71
Barcelona;INTERFERENCIA EN LOS DATOS Y EN EL SISTEMA;2022;71
Barcelona;TOTAL grupo penal;2024;55965
Barcelona;TOTAL grupo penal;2023;54959
Barcelona;TOTAL grupo penal;2022;46513
Burgos;ACCESO  E INTERCEPTACIÓN ILÍCITA;2024;62
Burgos;ACCESO  E INTERCEPTACIÓN ILÍCITA;2023;38
Burgos;ACCESO  E INTERCEPTACIÓN ILÍCITA;2022;34
Burgos;AMENAZAS Y COACCIONES;2024;134
Burgos;AMENAZAS Y COACCIONES;2023;128
Burgos;AMENAZAS Y COACCIONES;2022;139
Burgos;CONTRA EL HONOR;2024;3
Burgos;CONTRA EL HONOR;2023;4
Burgos;CONTRA EL HONOR;2022;6
Burgos;CONTRA LA PROPIEDAD INDUSTRIAL/INTELECTUAL;2024;0
Burgos;CONTRA LA PROPIEDAD INDUSTRIAL/INTELECTUAL;2023;1
Burgos;CONTRA LA PROPIEDAD INDUSTRIAL/INTELECTUAL;2022;0
Burgos;DELITOS SEXUALES;2024;12
Burgos;DELITOS SEXUALES;2023;7
Burgos;DELITOS SEXUALES;2022;7
Burgos;FALSIFICACIÓN INFORMÁTICA;2024;129
Burgos;FALSIFICACIÓN INFORMÁTICA;2023;156
Burgos;FALSIFICACIÓN INFORMÁTICA;2022;115
Burgos;FRAUDE INFORMÁTICO;2024;3000
Burgos;FRAUDE INFORMÁTICO;2023;3205
Burgos;FRAUDE INFORMÁTICO;2022;2505
Burgos;INTERFERENCIA EN LOS DATOS Y EN EL SISTEMA;2024;15
Burgos;INTERFERENCIA EN LOS DATOS Y EN EL SISTEMA;2023;21
Burgos;INTERFERENCIA EN LOS DATOS Y EN EL SISTEMA;2022;16
Burgos;TOTAL grupo penal;2024;3355
Burgos;TOTAL grupo penal;2023;3560
Burgos;TOTAL grupo penal;2022;2822
Cáceres;ACCESO  E INTERCEPTACIÓN ILÍCITA;2024;83
Cáceres;ACCESO  E INTERCEPTACIÓN ILÍCITA;2023;41
Cáceres;ACCESO  E INTERCEPTACIÓN ILÍCITA;2022;41
Cáceres;AMENAZAS Y COACCIONES;2024;158
Cáceres;AMENAZAS Y COACCIONES;2023;132
Cáceres;AMENAZAS Y COACCIONES;2022;111
Cáceres;CONTRA EL HONOR;2024;30
Cáceres;CONTRA EL HONOR;2023;13
Cáceres;CONTRA EL HONOR;2022;24
Cáceres;CONTRA LA PROPIEDAD INDUSTRIAL/INTELECTUAL;2024;1
Cáceres;CONTRA LA PROPIEDAD INDUSTRIAL/INTELECTUAL;2023;0
Cáceres;CONTRA LA PROPIEDAD INDUSTRIAL/INTELECTUAL;2022;0
Cáceres;DELITOS SEXUALES;2024;10
Cáceres;DELITOS SEXUALES;2023;18
Cáceres;DELITOS SEXUALES;2022;14
Cáceres;FALSIFICACIÓN INFORMÁTICA;2024;427
Cáceres;FALSIFICACIÓN INFORMÁTICA;2023;272
Cáceres;FALSIFICACIÓN INFORMÁTICA;2022;92
Cáceres;FRAUDE INFORMÁTICO;2024;2381
Cáceres;FRAUDE INFORMÁTICO;2023;2640
Cáceres;FRAUDE INFORMÁTICO;2022;2154
Cáceres;INTERFERENCIA EN LOS DATOS Y EN EL SISTEMA;2024;3
Cáceres;INTERFERENCIA EN LOS DATOS Y EN EL SISTEMA;2023;20
Cáceres;INTERFERENCIA EN LOS DATOS Y EN EL SISTEMA;2022;5
Cáceres;TOTAL grupo penal;2024;3093
Cáceres;TOTAL grupo penal;2023;3136
Cáceres;TOTAL grupo penal;2022;2441
Cádiz;ACCESO  E INTERCEPTACIÓN ILÍCITA;2024;368
Cádiz;ACCESO  E INTERCEPTACIÓN ILÍCITA;2023;251
Cádiz;ACCESO  E INTERCEPTACIÓN ILÍCITA;2022;169
Cádiz;AMENAZAS Y COACCIONES;2024;621
Cádiz;AMENAZAS Y COACCIONES;2023;545
Cádiz;AMENAZAS Y COACCIONES;2022;482
Cádiz;CONTRA EL HONOR;2024;58
Cádiz;CONTRA EL HONOR;2023;55
Cádiz;CONTRA EL HONOR;2022;58
Cádiz;CONTRA LA PROPIEDAD INDUSTRIAL/INTELECTUAL;2024;4
Cádiz;CONTRA LA PROPIEDAD INDUSTRIAL/INTELECTUAL;2023;2
Cádiz;CONTRA LA PROPIEDAD INDUSTRIAL/INTELECTUAL;2022;3
Cádiz;DELITOS SEXUALES;2024;48
Cádiz;DELITOS SEXUALES;2023;71
Cádiz;DELITOS SEXUALES;2022;66
Cádiz;FALSIFICACIÓN INFORMÁTICA;2024;678
Cádiz;FALSIFICACIÓN INFORMÁTICA;2023;531
Cádiz;FALSIFICACIÓN INFORMÁTICA;2022;509
Cádiz;FRAUDE INFORMÁTICO;2024;10821
Cádiz;FRAUDE INFORMÁTICO;2023;11370
Cádiz;FRAUDE INFORMÁTICO;2022;8982
Cádiz;INTERFERENCIA EN LOS DATOS Y EN EL SISTEMA;2024;40
Cádiz;INTERFERENCIA EN LOS DATOS Y EN EL SISTEMA;2023;46
Cádiz;INTERFERENCIA EN LOS DATOS Y EN EL SISTEMA;2022;37
Cádiz;TOTAL grupo penal;2024;12638
Cádiz;TOTAL grupo penal;2023;12871
Cádiz;TOTAL grupo penal;2022;10306
Castellón/Castelló;ACCESO  E INTERCEPTACIÓN ILÍCITA;2024;117
Castellón/Castelló;ACCESO  E INTERCEPTACIÓN ILÍCITA;2023;69
Castellón/Castelló;ACCESO  E INTERCEPTACIÓN ILÍCITA;2022;51
Castellón/Castelló;AMENAZAS Y COACCIONES;2024;190
Castellón/Castelló;AMENAZAS Y COACCIONES;2023;162
Castellón/Castelló;AMENAZAS Y COACCIONES;2022;208
Castellón/Castelló;CONTRA EL HONOR;2024;7
Castellón/Castelló;CONTRA EL HONOR;2023;14
Castellón/Castelló;CONTRA EL HONOR;2022;15
Castellón/Castelló;CONTRA LA PROPIEDAD INDUSTRIAL/INTELECTUAL;2024;1
Castellón/Castelló;CONTRA LA PROPIEDAD INDUSTRIAL/INTELECTUAL;2023;0
Castellón/Castelló;CONTRA LA PROPIEDAD INDUSTRIAL/INTELECTUAL;2022;0
Castellón/Castelló;DELITOS SEXUALES;2024;12
Castellón/Castelló;DELITOS SEXUALES;2023;25
Castellón/Castelló;DELITOS SEXUALES;2022;26
Castellón/Castelló;FALSIFICACIÓN INFORMÁTICA;2024;212
Castellón/Castelló;FALSIFICACIÓN INFORMÁTICA;2023;121
Castellón/Castelló;FALSIFICACIÓN INFORMÁTICA;2022;127
Castellón/Castelló;FRAUDE INFORMÁTICO;2024;3782
Castellón/Castelló;FRAUDE INFORMÁTICO;2023;3557
Castellón/Castelló;FRAUDE INFORMÁTICO;2022;2137
Castellón/Castelló;INTERFERENCIA EN LOS DATOS Y EN EL SISTEMA;2024;12
Castellón/Castelló;INTERFERENCIA EN LOS DATOS Y EN EL SISTEMA;2023;10
Castellón/Castelló;INTERFERENCIA EN LOS DATOS Y EN EL SISTEMA;2022;12
Castellón/Castelló;TOTAL grupo penal;2024;4333
Castellón/Castelló;TOTAL grupo penal;2023;3958
Castellón/Castelló;TOTAL grupo penal;2022;2576
Ciudad Real;ACCESO  E INTERCEPTACIÓN ILÍCITA;2024;29
Ciudad Real;ACCESO  E INTERCEPTACIÓN ILÍCITA;2023;49
Ciudad Real;ACCESO  E INTERCEPTACIÓN ILÍCITA;2022;42
Ciudad Real;AMENAZAS Y COACCIONES;2024;124
Ciudad Real;AMENAZAS Y COACCIONES;2023;132
Ciudad Real;AMENAZAS Y COACCIONES;2022;150
Ciudad Real;CONTRA EL HONOR;2024;10
Ciudad Real;CONTRA EL HONOR;2023;19
Ciudad Real;CONTRA EL HONOR;2022;23
Ciudad Real;CONTRA LA PROPIEDAD INDUSTRIAL/INTELECTUAL;2024;0
Ciudad Real;CONTRA LA PROPIEDAD INDUSTRIAL/INTELECTUAL;2023;1
Ciudad Real;CONTRA LA PROPIEDAD INDUSTRIAL/INTELECTUAL;2022;0
Ciudad Real;DELITOS SEXUALES;2024;4
Ciudad Real;DELITOS SEXUALES;2023;14
Ciudad Real;DELITOS SEXUALES;2022;13
Ciudad Real;FALSIFICACIÓN INFORMÁTICA;2024;152
Ciudad Real;FALSIFICACIÓN INFORMÁTICA;2023;128
Ciudad Real;FALSIFICACIÓN INFORMÁTICA;2022;126
Ciudad Real;FRAUDE INFORMÁTICO;2024;3047
Ciudad Real;FRAUDE INFORMÁTICO;2023;3190
Ciudad Real;FRAUDE INFORMÁTICO;2022;2880
Ciudad Real;INTERFERENCIA EN LOS DATOS Y EN EL SISTEMA;2024;15
Ciudad Real;INTERFERENCIA EN LOS DATOS Y EN EL SISTEMA;2023;9
Ciudad Real;INTERFERENCIA EN LOS DATOS Y EN EL SISTEMA;2022;9
Ciudad Real;TOTAL grupo penal;2024;3381
Ciudad Real;TOTAL grupo penal;2023;3542
Ciudad Real;TOTAL grupo penal;2022;3243
Córdoba;ACCESO  E INTERCEPTACIÓN ILÍCITA;2024;225
Córdoba;ACCESO  E INTERCEPTACIÓN ILÍCITA;2023;169
Córdoba;ACCESO  E INTERCEPTACIÓN ILÍCITA;2022;101
Córdoba;AMENAZAS Y COACCIONES;2024;274
Córdoba;AMENAZAS Y COACCIONES;2023;299
Córdoba;AMENAZAS Y COACCIONES;2022;299
Córdoba;CONTRA EL HONOR;2024;20
Córdoba;CONTRA EL HONOR;2023;39
Córdoba;CONTRA EL HONOR;2022;42
Córdoba;CONTRA LA PROPIEDAD INDUSTRIAL/INTELECTUAL;2024;3
Córdoba;CONTRA LA PROPIEDAD INDUSTRIAL/INTELECTUAL;2023;0
Córdoba;CONTRA LA PROPIEDAD INDUSTRIAL/INTELECTUAL;2022;4
Córdoba;DELITOS SEXUALES;2024;26
Córdoba;DELITOS SEXUALES;2023;28
Córdoba;DELITOS SEXUALES;2022;29
Córdoba;FALSIFICACIÓN INFORMÁTICA;2024;401
Córdoba;FALSIFICACIÓN INFORMÁTICA;2023;383
Córdoba;FALSIFICACIÓN INFORMÁTICA;2022;275
Córdoba;FRAUDE INFORMÁTICO;2024;6462
Córdoba;FRAUDE INFORMÁTICO;2023;6732
Córdoba;FRAUDE INFORMÁTICO;2022;4632
Córdoba;INTERFERENCIA EN LOS DATOS Y EN EL SISTEMA;2024;34
Córdoba;INTERFERENCIA EN LOS DATOS Y EN EL SISTEMA;2023;20
Córdoba;INTERFERENCIA EN LOS DATOS Y EN EL SISTEMA;2022;32
Córdoba;TOTAL grupo penal;2024;7445
Córdoba;TOTAL grupo penal;2023;7670
Córdoba;TOTAL grupo penal;2022;5414
Coruña (A);ACCESO  E INTERCEPTACIÓN ILÍCITA;2024;318
Coruña (A);ACCESO  E INTERCEPTACIÓN ILÍCITA;2023;199
Coruña (A);ACCESO  E INTERCEPTACIÓN ILÍCITA;2022;155
Coruña (A);AMENAZAS Y COACCIONES;2024;495
Coruña (A);AMENAZAS Y COACCIONES;2023;470
Coruña (A);AMENAZAS Y COACCIONES;2022;475
Coruña (A);CONTRA EL HONOR;2024;66
Coruña (A);CONTRA EL HONOR;2023;64
Coruña (A);CONTRA EL HONOR;2022;46
Coruña (A);CONTRA LA PROPIEDAD INDUSTRIAL/INTELECTUAL;2024;3
Coruña (A);CONTRA LA PROPIEDAD INDUSTRIAL/INTELECTUAL;2023;0
Coruña (A);CONTRA LA PROPIEDAD INDUSTRIAL/INTELECTUAL;2022;3
Coruña (A);DELITOS SEXUALES;2024;39
Coruña (A);DELITOS SEXUALES;2023;48
Coruña (A);DELITOS SEXUALES;2022;29
Coruña (A);FALSIFICACIÓN INFORMÁTICA;2024;559
Coruña (A);FALSIFICACIÓN INFORMÁTICA;2023;438
Coruña (A);FALSIFICACIÓN INFORMÁTICA;2022;259
Coruña (A);FRAUDE INFORMÁTICO;2024;8452
Coruña (A);FRAUDE INFORMÁTICO;2023;7639
Coruña (A);FRAUDE INFORMÁTICO;2022;7434
Coruña (A);INTERFERENCIA EN LOS DATOS Y EN EL SISTEMA;2024;45
Coruña (A);INTERFERENCIA EN LOS DATOS Y EN EL SISTEMA;2023;46
Coruña (A);INTERFERENCIA EN LOS DATOS Y EN EL SISTEMA;2022;36
Coruña (A);TOTAL grupo penal;2024;9977
Coruña (A);TOTAL grupo penal;2023;8904
Coruña (A);TOTAL grupo penal;2022;8437
Cuenca;ACCESO  E INTERCEPTACIÓN ILÍCITA;2024;14
Cuenca;ACCESO  E INTERCEPTACIÓN ILÍCITA;2023;19
Cuenca;ACCESO  E INTERCEPTACIÓN ILÍCITA;2022;12
Cuenca;AMENAZAS Y COACCIONES;2024;63
Cuenca;AMENAZAS Y COACCIONES;2023;45
Cuenca;AMENAZAS Y COACCIONES;2022;63
Cuenca;CONTRA EL HONOR;2024;7
Cuenca;CONTRA EL HONOR;2023;20
Cuenca;CONTRA EL HONOR;2022;9
Cuenca;CONTRA LA PROPIEDAD INDUSTRIAL/INTELECTUAL;2024;0
Cuenca;CONTRA LA PROPIEDAD INDUSTRIAL/INTELECTUAL;2023;0
Cuenca;CONTRA LA PROPIEDAD INDUSTRIAL/INTELECTUAL;2022;0
Cuenca;DELITOS SEXUALES;2024;7
Cuenca;DELITOS SEXUALES;2023;6
Cuenca;DELITOS SEXUALES;2022;3
Cuenca;FALSIFICACIÓN INFORMÁTICA;2024;83
Cuenca;FALSIFICACIÓN INFORMÁTICA;2023;68
Cuenca;FALSIFICACIÓN INFORMÁTICA;2022;67
Cuenca;FRAUDE INFORMÁTICO;2024;1308
Cuenca;FRAUDE INFORMÁTICO;2023;1536
Cuenca;FRAUDE INFORMÁTICO;2022;1411
Cuenca;INTERFERENCIA EN LOS DATOS Y EN EL SISTEMA;2024;8
Cuenca;INTERFERENCIA EN LOS DATOS Y EN EL SISTEMA;2023;13
Cuenca;INTERFERENCIA EN LOS DATOS Y EN EL SISTEMA;2022;14
Cuenca;TOTAL grupo penal;2024;1490
Cuenca;TOTAL grupo penal;2023;1707
Cuenca;TOTAL grupo penal;2022;1579
Girona;ACCESO  E INTERCEPTACIÓN ILÍCITA;2024;77
Girona;ACCESO  E INTERCEPTACIÓN ILÍCITA;2023;118
Girona;ACCESO  E INTERCEPTACIÓN ILÍCITA;2022;120
Girona;AMENAZAS Y COACCIONES;2024;95
Girona;AMENAZAS Y COACCIONES;2023;64
Girona;AMENAZAS Y COACCIONES;2022;75
Girona;CONTRA EL HONOR;2024;1
Girona;CONTRA EL HONOR;2023;2
Girona;CONTRA EL HONOR;2022;1
Girona;CONTRA LA PROPIEDAD INDUSTRIAL/INTELECTUAL;2024;3
Girona;CONTRA LA PROPIEDAD INDUSTRIAL/INTELECTUAL;2023;0
Girona;CONTRA LA PROPIEDAD INDUSTRIAL/INTELECTUAL;2022;2
Girona;DELITOS SEXUALES;2024;15
Girona;DELITOS SEXUALES;2023;12
Girona;DELITOS SEXUALES;2022;11
Girona;FALSIFICACIÓN INFORMÁTICA;2024;149
Girona;FALSIFICACIÓN INFORMÁTICA;2023;78
Girona;FALSIFICACIÓN INFORMÁTICA;2022;72
Girona;FRAUDE INFORMÁTICO;2024;7652
Girona;FRAUDE INFORMÁTICO;2023;8397
Girona;FRAUDE INFORMÁTICO;2022;6833
Girona;INTERFERENCIA EN LOS DATOS Y EN EL SISTEMA;2024;6
Girona;INTERFERENCIA EN LOS DATOS Y EN EL SISTEMA;2023;9
Girona;INTERFERENCIA EN LOS DATOS Y EN EL SISTEMA;2022;4
Girona;TOTAL grupo penal;2024;7998
Girona;TOTAL grupo penal;2023;8680
Girona;TOTAL grupo penal;2022;7118
Granada;ACCESO  E INTERCEPTACIÓN ILÍCITA;2024;173
Granada;ACCESO  E INTERCEPTACIÓN ILÍCITA;2023;104
Granada;ACCESO  E INTERCEPTACIÓN ILÍCITA;2022;86
Granada;AMENAZAS Y COACCIONES;2024;522
Granada;AMENAZAS Y COACCIONES;2023;427
Granada;AMENAZAS Y COACCIONES;2022;299
Granada;CONTRA EL HONOR;2024;26
Granada;CONTRA EL HONOR;2023;23
Granada;CONTRA EL HONOR;2022;24
Granada;CONTRA LA PROPIEDAD INDUSTRIAL/INTELECTUAL;2024;5
Granada;CONTRA LA PROPIEDAD INDUSTRIAL/INTELECTUAL;2023;2
Granada;CONTRA LA PROPIEDAD INDUSTRIAL/INTELECTUAL;2022;4
Granada;DELITOS SEXUALES;2024;21
Granada;DELITOS SEXUALES;2023;31
Granada;DELITOS SEXUALES;2022;21
Granada;FALSIFICACIÓN INFORMÁTICA;2024;383
Granada;FALSIFICACIÓN INFORMÁTICA;2023;280
Granada;FALSIFICACIÓN INFORMÁTICA;2022;242
Granada;FRAUDE INFORMÁTICO;2024;8275
Granada;FRAUDE INFORMÁTICO;2023;8978
Granada;FRAUDE INFORMÁTICO;2022;4700
Granada;INTERFERENCIA EN LOS DATOS Y EN EL SISTEMA;2024;75
Granada;INTERFERENCIA EN LOS DATOS Y EN EL SISTEMA;2023;92
Granada;INTERFERENCIA EN LOS DATOS Y EN EL SISTEMA;2022;53
Granada;TOTAL grupo penal;2024;9480
Granada;TOTAL grupo penal;2023;9937
Granada;TOTAL grupo penal;2022;5429
Guadalajara;ACCESO  E INTERCEPTACIÓN ILÍCITA;2024;24
Guadalajara;ACCESO  E INTERCEPTACIÓN ILÍCITA;2023;29
Guadalajara;ACCESO  E INTERCEPTACIÓN ILÍCITA;2022;18
Guadalajara;AMENAZAS Y COACCIONES;2024;87
Guadalajara;AMENAZAS Y COACCIONES;2023;103
Guadalajara;AMENAZAS Y COACCIONES;2022;108
Guadalajara;CONTRA EL HONOR;2024;4
Guadalajara;CONTRA EL HONOR;2023;7
Guadalajara;CONTRA EL HONOR;2022;3
Guadalajara;CONTRA LA PROPIEDAD INDUSTRIAL/INTELECTUAL;2024;0
Guadalajara;CONTRA LA PROPIEDAD INDUSTRIAL/INTELECTUAL;2023;0
Guadalajara;CONTRA LA PROPIEDAD INDUSTRIAL/INTELECTUAL;2022;1
Guadalajara;DELITOS SEXUALES;2024;10
Guadalajara;DELITOS SEXUALES;2023;13
Guadalajara;DELITOS SEXUALES;2022;6
Guadalajara;FALSIFICACIÓN INFORMÁTICA;2024;143
Guadalajara;FALSIFICACIÓN INFORMÁTICA;2023;145
Guadalajara;FALSIFICACIÓN INFORMÁTICA;2022;105
Guadalajara;FRAUDE INFORMÁTICO;2024;2823
Guadalajara;FRAUDE INFORMÁTICO;2023;3096
Guadalajara;FRAUDE INFORMÁTICO;2022;1551
Guadalajara;INTERFERENCIA EN LOS DATOS Y EN EL SISTEMA;2024;9
Guadalajara;INTERFERENCIA EN LOS DATOS Y EN EL SISTEMA;2023;6
Guadalajara;INTERFERENCIA EN LOS DATOS Y EN EL SISTEMA;2022;10
Guadalajara;TOTAL grupo penal;2024;3100
Guadalajara;TOTAL grupo penal;2023;3399
Guadalajara;TOTAL grupo penal;2022;1802
Gipuzkoa;ACCESO  E INTERCEPTACIÓN ILÍCITA;2024;71
Gipuzkoa;ACCESO  E INTERCEPTACIÓN ILÍCITA;2023;74
Gipuzkoa;ACCESO  E INTERCEPTACIÓN ILÍCITA;2022;51
Gipuzkoa;AMENAZAS Y COACCIONES;2024;457
Gipuzkoa;AMENAZAS Y COACCIONES;2023;446
Gipuzkoa;AMENAZAS Y COACCIONES;2022;181
Gipuzkoa;CONTRA EL HONOR;2024;0
Gipuzkoa;CONTRA EL HONOR;2023;2
Gipuzkoa;CONTRA EL HONOR;2022;1
Gipuzkoa;CONTRA LA PROPIEDAD INDUSTRIAL/INTELECTUAL;2024;4
Gipuzkoa;CONTRA LA PROPIEDAD INDUSTRIAL/INTELECTUAL;2023;1
Gipuzkoa;CONTRA LA PROPIEDAD INDUSTRIAL/INTELECTUAL;2022;1
Gipuzkoa;DELITOS SEXUALES;2024;41
Gipuzkoa;DELITOS SEXUALES;2023;81
Gipuzkoa;DELITOS SEXUALES;2022;15
Gipuzkoa;FALSIFICACIÓN INFORMÁTICA;2024;268
Gipuzkoa;FALSIFICACIÓN INFORMÁTICA;2023;256
Gipuzkoa;FALSIFICACIÓN INFORMÁTICA;2022;237
Gipuzkoa;FRAUDE INFORMÁTICO;2024;6882
Gipuzkoa;FRAUDE INFORMÁTICO;2023;7895
Gipuzkoa;FRAUDE INFORMÁTICO;2022;5572
Gipuzkoa;INTERFERENCIA EN LOS DATOS Y EN EL SISTEMA;2024;3
Gipuzkoa;INTERFERENCIA EN LOS DATOS Y EN EL SISTEMA;2023;6
Gipuzkoa;INTERFERENCIA EN LOS DATOS Y EN EL SISTEMA;2022;11
Gipuzkoa;TOTAL grupo penal;2024;7726
Gipuzkoa;TOTAL grupo penal;2023;8761
Gipuzkoa;TOTAL grupo penal;2022;6069
Huelva;ACCESO  E INTERCEPTACIÓN ILÍCITA;2024;86
Huelva;ACCESO  E INTERCEPTACIÓN ILÍCITA;2023;70
Huelva;ACCESO  E INTERCEPTACIÓN ILÍCITA;2022;37
Huelva;AMENAZAS Y COACCIONES;2024;156
Huelva;AMENAZAS Y COACCIONES;2023;198
Huelva;AMENAZAS Y COACCIONES;2022;220
Huelva;CONTRA EL HONOR;2024;15
Huelva;CONTRA EL HONOR;2023;27
Huelva;CONTRA EL HONOR;2022;25
Huelva;CONTRA LA PROPIEDAD INDUSTRIAL/INTELECTUAL;2024;3
Huelva;CONTRA LA PROPIEDAD INDUSTRIAL/INTELECTUAL;2023;1
Huelva;CONTRA LA PROPIEDAD INDUSTRIAL/INTELECTUAL;2022;1
Huelva;DELITOS SEXUALES;2024;22
Huelva;DELITOS SEXUALES;2023;20
Huelva;DELITOS SEXUALES;2022;22
Huelva;FALSIFICACIÓN INFORMÁTICA;2024;138
Huelva;FALSIFICACIÓN INFORMÁTICA;2023;69
Huelva;FALSIFICACIÓN INFORMÁTICA;2022;86
Huelva;FRAUDE INFORMÁTICO;2024;3118
Huelva;FRAUDE INFORMÁTICO;2023;3004
Huelva;FRAUDE INFORMÁTICO;2022;1681
Huelva;INTERFERENCIA EN LOS DATOS Y EN EL SISTEMA;2024;10
Huelva;INTERFERENCIA EN LOS DATOS Y EN EL SISTEMA;2023;3
Huelva;INTERFERENCIA EN LOS DATOS Y EN EL SISTEMA;2022;9
Huelva;TOTAL grupo penal;2024;3548
Huelva;TOTAL grupo penal;2023;3392
Huelva;TOTAL grupo penal;2022;2081
Huesca;ACCESO  E INTERCEPTACIÓN ILÍCITA;2024;25
Huesca;ACCESO  E INTERCEPTACIÓN ILÍCITA;2023;20
Huesca;ACCESO  E INTERCEPTACIÓN ILÍCITA;2022;14
Huesca;AMENAZAS Y COACCIONES;2024;117
Huesca;AMENAZAS Y COACCIONES;2023;112
Huesca;AMENAZAS Y COACCIONES;2022;73
Huesca;CONTRA EL HONOR;2024;11
Huesca;CONTRA EL HONOR;2023;6
Huesca;CONTRA EL HONOR;2022;1
Huesca;CONTRA LA PROPIEDAD INDUSTRIAL/INTELECTUAL;2024;2
Huesca;CONTRA LA PROPIEDAD INDUSTRIAL/INTELECTUAL;2023;0
Huesca;CONTRA LA PROPIEDAD INDUSTRIAL/INTELECTUAL;2022;0
Huesca;DELITOS SEXUALES;2024;9
Huesca;DELITOS SEXUALES;2023;7
Huesca;DELITOS SEXUALES;2022;3
Huesca;FALSIFICACIÓN INFORMÁTICA;2024;95
Huesca;FALSIFICACIÓN INFORMÁTICA;2023;84
Huesca;FALSIFICACIÓN INFORMÁTICA;2022;57
Huesca;FRAUDE INFORMÁTICO;2024;2006
Huesca;FRAUDE INFORMÁTICO;2023;1876
Huesca;FRAUDE INFORMÁTICO;2022;1389
Huesca;INTERFERENCIA EN LOS DATOS Y EN EL SISTEMA;2024;30
Huesca;INTERFERENCIA EN LOS DATOS Y EN EL SISTEMA;2023;8
Huesca;INTERFERENCIA EN LOS DATOS Y EN EL SISTEMA;2022;2
Huesca;TOTAL grupo penal;2024;2295
Huesca;TOTAL grupo penal;2023;2113
Huesca;TOTAL grupo penal;2022;1539
Jaén;ACCESO  E INTERCEPTACIÓN ILÍCITA;2024;55
Jaén;ACCESO  E INTERCEPTACIÓN ILÍCITA;2023;75
Jaén;ACCESO  E INTERCEPTACIÓN ILÍCITA;2022;46
Jaén;AMENAZAS Y COACCIONES;2024;171
Jaén;AMENAZAS Y COACCIONES;2023;150
Jaén;AMENAZAS Y COACCIONES;2022;213
Jaén;CONTRA EL HONOR;2024;23
Jaén;CONTRA EL HONOR;2023;16
Jaén;CONTRA EL HONOR;2022;24
Jaén;CONTRA LA PROPIEDAD INDUSTRIAL/INTELECTUAL;2024;1
Jaén;CONTRA LA PROPIEDAD INDUSTRIAL/INTELECTUAL;2023;2
Jaén;CONTRA LA PROPIEDAD INDUSTRIAL/INTELECTUAL;2022;1
Jaén;DELITOS SEXUALES;2024;9
Jaén;DELITOS SEXUALES;2023;11
Jaén;DELITOS SEXUALES;2022;16
Jaén;FALSIFICACIÓN INFORMÁTICA;2024;320
Jaén;FALSIFICACIÓN INFORMÁTICA;2023;229
Jaén;FALSIFICACIÓN INFORMÁTICA;2022;227
Jaén;FRAUDE INFORMÁTICO;2024;4397
Jaén;FRAUDE INFORMÁTICO;2023;5034
Jaén;FRAUDE INFORMÁTICO;2022;3207
Jaén;INTERFERENCIA EN LOS DATOS Y EN EL SISTEMA;2024;10
Jaén;INTERFERENCIA EN LOS DATOS Y EN EL SISTEMA;2023;9
Jaén;INTERFERENCIA EN LOS DATOS Y EN EL SISTEMA;2022;8
Jaén;TOTAL grupo penal;2024;4986
Jaén;TOTAL grupo penal;2023;5526
Jaén;TOTAL grupo penal;2022;3742
León;ACCESO  E INTERCEPTACIÓN ILÍCITA;2024;70
León;ACCESO  E INTERCEPTACIÓN ILÍCITA;2023;52
León;ACCESO  E INTERCEPTACIÓN ILÍCITA;2022;58
León;AMENAZAS Y COACCIONES;2024;183
León;AMENAZAS Y COACCIONES;2023;184
León;AMENAZAS Y COACCIONES;2022;178
León;CONTRA EL HONOR;2024;19
León;CONTRA EL HONOR;2023;31
León;CONTRA EL HONOR;2022;24
León;CONTRA LA PROPIEDAD INDUSTRIAL/INTELECTUAL;2024;9
León;CONTRA LA PROPIEDAD INDUSTRIAL/INTELECTUAL;2023;0
León;CONTRA LA PROPIEDAD INDUSTRIAL/INTELECTUAL;2022;1
León;DELITOS SEXUALES;2024;22
León;DELITOS SEXUALES;2023;29
León;DELITOS SEXUALES;2022;22
León;FALSIFICACIÓN INFORMÁTICA;2024;218
León;FALSIFICACIÓN INFORMÁTICA;2023;173
León;FALSIFICACIÓN INFORMÁTICA;2022;78
León;FRAUDE INFORMÁTICO;2024;3966
León;FRAUDE INFORMÁTICO;2023;3858
León;FRAUDE INFORMÁTICO;2022;3373
León;INTERFERENCIA EN LOS DATOS Y EN EL SISTEMA;2024;38
León;INTERFERENCIA EN LOS DATOS Y EN EL SISTEMA;2023;27
León;INTERFERENCIA EN LOS DATOS Y EN EL SISTEMA;2022;23
León;TOTAL grupo penal;2024;4525
León;TOTAL grupo penal;2023;4354
León;TOTAL grupo penal;2022;3757
Lleida;ACCESO  E INTERCEPTACIÓN ILÍCITA;2024;68
Lleida;ACCESO  E INTERCEPTACIÓN ILÍCITA;2023;88
Lleida;ACCESO  E INTERCEPTACIÓN ILÍCITA;2022;98
Lleida;AMENAZAS Y COACCIONES;2024;106
Lleida;AMENAZAS Y COACCIONES;2023;96
Lleida;AMENAZAS Y COACCIONES;2022;88
Lleida;CONTRA EL HONOR;2024;4
Lleida;CONTRA EL HONOR;2023;3
Lleida;CONTRA EL HONOR;2022;3
Lleida;CONTRA LA PROPIEDAD INDUSTRIAL/INTELECTUAL;2024;0
Lleida;CONTRA LA PROPIEDAD INDUSTRIAL/INTELECTUAL;2023;1
Lleida;CONTRA LA PROPIEDAD INDUSTRIAL/INTELECTUAL;2022;1
Lleida;DELITOS SEXUALES;2024;11
Lleida;DELITOS SEXUALES;2023;8
Lleida;DELITOS SEXUALES;2022;5
Lleida;FALSIFICACIÓN INFORMÁTICA;2024;69
Lleida;FALSIFICACIÓN INFORMÁTICA;2023;21
Lleida;FALSIFICACIÓN INFORMÁTICA;2022;24
Lleida;FRAUDE INFORMÁTICO;2024;4003
Lleida;FRAUDE INFORMÁTICO;2023;4517
Lleida;FRAUDE INFORMÁTICO;2022;3847
Lleida;INTERFERENCIA EN LOS DATOS Y EN EL SISTEMA;2024;6
Lleida;INTERFERENCIA EN LOS DATOS Y EN EL SISTEMA;2023;11
Lleida;INTERFERENCIA EN LOS DATOS Y EN EL SISTEMA;2022;5
Lleida;TOTAL grupo penal;2024;4267
Lleida;TOTAL grupo penal;2023;4745
Lleida;TOTAL grupo penal;2022;4071
Rioja (La);ACCESO  E INTERCEPTACIÓN ILÍCITA;2024;140
Rioja (La);ACCESO  E INTERCEPTACIÓN ILÍCITA;2023;111
Rioja (La);ACCESO  E INTERCEPTACIÓN ILÍCITA;2022;81
Rioja (La);AMENAZAS Y COACCIONES;2024;161
Rioja (La);AMENAZAS Y COACCIONES;2023;132
Rioja (La);AMENAZAS Y COACCIONES;2022;124
Rioja (La);CONTRA EL HONOR;2024;10
Rioja (La);CONTRA EL HONOR;2023;9
Rioja (La);CONTRA EL HONOR;2022;1
Rioja (La);CONTRA LA PROPIEDAD INDUSTRIAL/INTELECTUAL;2024;2
Rioja (La);CONTRA LA PROPIEDAD INDUSTRIAL/INTELECTUAL;2023;1
Rioja (La);CONTRA LA PROPIEDAD INDUSTRIAL/INTELECTUAL;2022;1
Rioja (La);DELITOS SEXUALES;2024;6
Rioja (La);DELITOS SEXUALES;2023;11
Rioja (La);DELITOS SEXUALES;2022;8
Rioja (La);FALSIFICACIÓN INFORMÁTICA;2024;120
Rioja (La);FALSIFICACIÓN INFORMÁTICA;2023;68
Rioja (La);FALSIFICACIÓN INFORMÁTICA;2022;60
Rioja (La);FRAUDE INFORMÁTICO;2024;1868
Rioja (La);FRAUDE INFORMÁTICO;2023;2021
Rioja (La);FRAUDE INFORMÁTICO;2022;2152
Rioja (La);INTERFERENCIA EN LOS DATOS Y EN EL SISTEMA;2024;5
Rioja (La);INTERFERENCIA EN LOS DATOS Y EN EL SISTEMA;2023;11
Rioja (La);INTERFERENCIA EN LOS DATOS Y EN EL SISTEMA;2022;6
Rioja (La);TOTAL grupo penal;2024;2312
Rioja (La);TOTAL grupo penal;2023;2364
Rioja (La);TOTAL grupo penal;2022;2433
Lugo;ACCESO  E INTERCEPTACIÓN ILÍCITA;2024;57
Lugo;ACCESO  E INTERCEPTACIÓN ILÍCITA;2023;41
Lugo;ACCESO  E INTERCEPTACIÓN ILÍCITA;2022;23
Lugo;AMENAZAS Y COACCIONES;2024;130
Lugo;AMENAZAS Y COACCIONES;2023;121
Lugo;AMENAZAS Y COACCIONES;2022;87
Lugo;CONTRA EL HONOR;2024;9
Lugo;CONTRA EL HONOR;2023;17
Lugo;CONTRA EL HONOR;2022;8
Lugo;CONTRA LA PROPIEDAD INDUSTRIAL/INTELECTUAL;2024;3
Lugo;CONTRA LA PROPIEDAD INDUSTRIAL/INTELECTUAL;2023;0
Lugo;CONTRA LA PROPIEDAD INDUSTRIAL/INTELECTUAL;2022;0
Lugo;DELITOS SEXUALES;2024;8
Lugo;DELITOS SEXUALES;2023;10
Lugo;DELITOS SEXUALES;2022;3
Lugo;FALSIFICACIÓN INFORMÁTICA;2024;78
Lugo;FALSIFICACIÓN INFORMÁTICA;2023;58
Lugo;FALSIFICACIÓN INFORMÁTICA;2022;30
Lugo;FRAUDE INFORMÁTICO;2024;2037
Lugo;FRAUDE INFORMÁTICO;2023;1798
Lugo;FRAUDE INFORMÁTICO;2022;1771
Lugo;INTERFERENCIA EN LOS DATOS Y EN EL SISTEMA;2024;13
Lugo;INTERFERENCIA EN LOS DATOS Y EN EL SISTEMA;2023;5
Lugo;INTERFERENCIA EN LOS DATOS Y EN EL SISTEMA;2022;9
Lugo;TOTAL grupo penal;2024;2335
Lugo;TOTAL grupo penal;2023;2050
Lugo;TOTAL grupo penal;2022;1931
Madrid;ACCESO  E INTERCEPTACIÓN ILÍCITA;2024;1621
Madrid;ACCESO  E INTERCEPTACIÓN ILÍCITA;2023;1139
Madrid;ACCESO  E INTERCEPTACIÓN ILÍCITA;2022;867
Madrid;AMENAZAS Y COACCIONES;2024;2480
Madrid;AMENAZAS Y COACCIONES;2023;2719
Madrid;AMENAZAS Y COACCIONES;2022;2143
Madrid;CONTRA EL HONOR;2024;96
Madrid;CONTRA EL HONOR;2023;87
Madrid;CONTRA EL HONOR;2022;115
Madrid;CONTRA LA PROPIEDAD INDUSTRIAL/INTELECTUAL;2024;23
Madrid;CONTRA LA PROPIEDAD INDUSTRIAL/INTELECTUAL;2023;13
Madrid;CONTRA LA PROPIEDAD INDUSTRIAL/INTELECTUAL;2022;26
Madrid;DELITOS SEXUALES;2024;230
Madrid;DELITOS SEXUALES;2023;239
Madrid;DELITOS SEXUALES;2022;204
Madrid;FALSIFICACIÓN INFORMÁTICA;2024;3289
Madrid;FALSIFICACIÓN INFORMÁTICA;2023;2882
Madrid;FALSIFICACIÓN INFORMÁTICA;2022;2291
Madrid;FRAUDE INFORMÁTICO;2024;65361
Madrid;FRAUDE INFORMÁTICO;2023;71534
Madrid;FRAUDE INFORMÁTICO;2022;57794
Madrid;INTERFERENCIA EN LOS DATOS Y EN EL SISTEMA;2024;377
Madrid;INTERFERENCIA EN LOS DATOS Y EN EL SISTEMA;2023;268
Madrid;INTERFERENCIA EN LOS DATOS Y EN EL SISTEMA;2022;318
Madrid;TOTAL grupo penal;2024;73477
Madrid;TOTAL grupo penal;2023;78881
Madrid;TOTAL grupo penal;2022;63758
Málaga;ACCESO  E INTERCEPTACIÓN ILÍCITA;2024;592
Málaga;ACCESO  E INTERCEPTACIÓN ILÍCITA;2023;413
Málaga;ACCESO  E INTERCEPTACIÓN ILÍCITA;2022;304
Málaga;AMENAZAS Y COACCIONES;2024;651
Málaga;AMENAZAS Y COACCIONES;2023;649
Málaga;AMENAZAS Y COACCIONES;2022;642
Málaga;CONTRA EL HONOR;2024;50
Málaga;CONTRA EL HONOR;2023;51
Málaga;CONTRA EL HONOR;2022;68
Málaga;CONTRA LA PROPIEDAD INDUSTRIAL/INTELECTUAL;2024;24
Málaga;CONTRA LA PROPIEDAD INDUSTRIAL/INTELECTUAL;2023;8
Málaga;CONTRA LA PROPIEDAD INDUSTRIAL/INTELECTUAL;2022;4
Málaga;DELITOS SEXUALES;2024;70
Málaga;DELITOS SEXUALES;2023;64
Málaga;DELITOS SEXUALES;2022;70
Málaga;FALSIFICACIÓN INFORMÁTICA;2024;674
Málaga;FALSIFICACIÓN INFORMÁTICA;2023;459
Málaga;FALSIFICACIÓN INFORMÁTICA;2022;438
Málaga;FRAUDE INFORMÁTICO;2024;15955
Málaga;FRAUDE INFORMÁTICO;2023;16241
Málaga;FRAUDE INFORMÁTICO;2022;10230
Málaga;INTERFERENCIA EN LOS DATOS Y EN EL SISTEMA;2024;121
Málaga;INTERFERENCIA EN LOS DATOS Y EN EL SISTEMA;2023;108
Málaga;INTERFERENCIA EN LOS DATOS Y EN EL SISTEMA;2022;107
Málaga;TOTAL grupo penal;2024;18137
Málaga;TOTAL grupo penal;2023;17993
Málaga;TOTAL grupo penal;2022;11863
Murcia;ACCESO  E INTERCEPTACIÓN ILÍCITA;2024;274
Murcia;ACCESO  E INTERCEPTACIÓN ILÍCITA;2023;151
Murcia;ACCESO  E INTERCEPTACIÓN ILÍCITA;2022;95
Murcia;AMENAZAS Y COACCIONES;2024;405
Murcia;AMENAZAS Y COACCIONES;2023;474
Murcia;AMENAZAS Y COACCIONES;2022;566
Murcia;CONTRA EL HONOR;2024;33
Murcia;CONTRA EL HONOR;2023;33
Murcia;CONTRA EL HONOR;2022;27
Murcia;CONTRA LA PROPIEDAD INDUSTRIAL/INTELECTUAL;2024;6
Murcia;CONTRA LA PROPIEDAD INDUSTRIAL/INTELECTUAL;2023;1
Murcia;CONTRA LA PROPIEDAD INDUSTRIAL/INTELECTUAL;2022;5
Murcia;DELITOS SEXUALES;2024;110
Murcia;DELITOS SEXUALES;2023;59
Murcia;DELITOS SEXUALES;2022;43
Murcia;FALSIFICACIÓN INFORMÁTICA;2024;828
Murcia;FALSIFICACIÓN INFORMÁTICA;2023;659
Murcia;FALSIFICACIÓN INFORMÁTICA;2022;558
Murcia;FRAUDE INFORMÁTICO;2024;11558
Murcia;FRAUDE INFORMÁTICO;2023;12310
Murcia;FRAUDE INFORMÁTICO;2022;8651
Murcia;INTERFERENCIA EN LOS DATOS Y EN EL SISTEMA;2024;41
Murcia;INTERFERENCIA EN LOS DATOS Y EN EL SISTEMA;2023;61
Murcia;INTERFERENCIA EN LOS DATOS Y EN EL SISTEMA;2022;26
Murcia;TOTAL grupo penal;2024;13255
Murcia;TOTAL grupo penal;2023;13748
Murcia;TOTAL grupo penal;2022;9971
Navarra;ACCESO  E INTERCEPTACIÓN ILÍCITA;2024;183
Navarra;ACCESO  E INTERCEPTACIÓN ILÍCITA;2023;187
Navarra;ACCESO  E INTERCEPTACIÓN ILÍCITA;2022;92
Navarra;AMENAZAS Y COACCIONES;2024;335
Navarra;AMENAZAS Y COACCIONES;2023;343
Navarra;AMENAZAS Y COACCIONES;2022;303
Navarra;CONTRA EL HONOR;2024;28
Navarra;CONTRA EL HONOR;2023;18
Navarra;CONTRA EL HONOR;2022;18
Navarra;CONTRA LA PROPIEDAD INDUSTRIAL/INTELECTUAL;2024;2
Navarra;CONTRA LA PROPIEDAD INDUSTRIAL/INTELECTUAL;2023;5
Navarra;CONTRA LA PROPIEDAD INDUSTRIAL/INTELECTUAL;2022;2
Navarra;DELITOS SEXUALES;2024;50
Navarra;DELITOS SEXUALES;2023;50
Navarra;DELITOS SEXUALES;2022;26
Navarra;FALSIFICACIÓN INFORMÁTICA;2024;283
Navarra;FALSIFICACIÓN INFORMÁTICA;2023;267
Navarra;FALSIFICACIÓN INFORMÁTICA;2022;214
Navarra;FRAUDE INFORMÁTICO;2024;6090
Navarra;FRAUDE INFORMÁTICO;2023;6576
Navarra;FRAUDE INFORMÁTICO;2022;4816
Navarra;INTERFERENCIA EN LOS DATOS Y EN EL SISTEMA;2024;21
Navarra;INTERFERENCIA EN LOS DATOS Y EN EL SISTEMA;2023;29
Navarra;INTERFERENCIA EN LOS DATOS Y EN EL SISTEMA;2022;28
Navarra;TOTAL grupo penal;2024;6992
Navarra;TOTAL grupo penal;2023;7475
Navarra;TOTAL grupo penal;2022;5499
Ourense;ACCESO  E INTERCEPTACIÓN ILÍCITA;2024;78
Ourense;ACCESO  E INTERCEPTACIÓN ILÍCITA;2023;22
Ourense;ACCESO  E INTERCEPTACIÓN ILÍCITA;2022;14
Ourense;AMENAZAS Y COACCIONES;2024;163
Ourense;AMENAZAS Y COACCIONES;2023;179
Ourense;AMENAZAS Y COACCIONES;2022;117
Ourense;CONTRA EL HONOR;2024;15
Ourense;CONTRA EL HONOR;2023;24
Ourense;CONTRA EL HONOR;2022;18
Ourense;CONTRA LA PROPIEDAD INDUSTRIAL/INTELECTUAL;2024;4
Ourense;CONTRA LA PROPIEDAD INDUSTRIAL/INTELECTUAL;2023;2
Ourense;CONTRA LA PROPIEDAD INDUSTRIAL/INTELECTUAL;2022;1
Ourense;DELITOS SEXUALES;2024;8
Ourense;DELITOS SEXUALES;2023;9
Ourense;DELITOS SEXUALES;2022;13
Ourense;FALSIFICACIÓN INFORMÁTICA;2024;99
Ourense;FALSIFICACIÓN INFORMÁTICA;2023;110
Ourense;FALSIFICACIÓN INFORMÁTICA;2022;125
Ourense;FRAUDE INFORMÁTICO;2024;1842
Ourense;FRAUDE INFORMÁTICO;2023;1905
Ourense;FRAUDE INFORMÁTICO;2022;2217
Ourense;INTERFERENCIA EN LOS DATOS Y EN EL SISTEMA;2024;10
Ourense;INTERFERENCIA EN LOS DATOS Y EN EL SISTEMA;2023;1
Ourense;INTERFERENCIA EN LOS DATOS Y EN EL SISTEMA;2022;6
Ourense;TOTAL grupo penal;2024;2219
Ourense;TOTAL grupo penal;2023;2252
Ourense;TOTAL grupo penal;2022;2511
Asturias;ACCESO  E INTERCEPTACIÓN ILÍCITA;2024;322
Asturias;ACCESO  E INTERCEPTACIÓN ILÍCITA;2023;143
Asturias;ACCESO  E INTERCEPTACIÓN ILÍCITA;2022;121
Asturias;AMENAZAS Y COACCIONES;2024;328
Asturias;AMENAZAS Y COACCIONES;2023;302
Asturias;AMENAZAS Y COACCIONES;2022;362
Asturias;CONTRA EL HONOR;2024;25
Asturias;CONTRA EL HONOR;2023;27
Asturias;CONTRA EL HONOR;2022;51
Asturias;CONTRA LA PROPIEDAD INDUSTRIAL/INTELECTUAL;2024;8
Asturias;CONTRA LA PROPIEDAD INDUSTRIAL/INTELECTUAL;2023;3
Asturias;CONTRA LA PROPIEDAD INDUSTRIAL/INTELECTUAL;2022;2
Asturias;DELITOS SEXUALES;2024;27
Asturias;DELITOS SEXUALES;2023;27
Asturias;DELITOS SEXUALES;2022;39
Asturias;FALSIFICACIÓN INFORMÁTICA;2024;303
Asturias;FALSIFICACIÓN INFORMÁTICA;2023;213
Asturias;FALSIFICACIÓN INFORMÁTICA;2022;281
Asturias;FRAUDE INFORMÁTICO;2024;8117
Asturias;FRAUDE INFORMÁTICO;2023;7897
Asturias;FRAUDE INFORMÁTICO;2022;7661
Asturias;INTERFERENCIA EN LOS DATOS Y EN EL SISTEMA;2024;53
Asturias;INTERFERENCIA EN LOS DATOS Y EN EL SISTEMA;2023;36
Asturias;INTERFERENCIA EN LOS DATOS Y EN EL SISTEMA;2022;43
Asturias;TOTAL grupo penal;2024;9183
Asturias;TOTAL grupo penal;2023;8648
Asturias;TOTAL grupo penal;2022;8560
Palencia;ACCESO  E INTERCEPTACIÓN ILÍCITA;2024;54
Palencia;ACCESO  E INTERCEPTACIÓN ILÍCITA;2023;15
Palencia;ACCESO  E INTERCEPTACIÓN ILÍCITA;2022;12
Palencia;AMENAZAS Y COACCIONES;2024;57
Palencia;AMENAZAS Y COACCIONES;2023;54
Palencia;AMENAZAS Y COACCIONES;2022;69
Palencia;CONTRA EL HONOR;2024;2
Palencia;CONTRA EL HONOR;2023;4
Palencia;CONTRA EL HONOR;2022;2
Palencia;CONTRA LA PROPIEDAD INDUSTRIAL/INTELECTUAL;2024;0
Palencia;CONTRA LA PROPIEDAD INDUSTRIAL/INTELECTUAL;2023;1
Palencia;CONTRA LA PROPIEDAD INDUSTRIAL/INTELECTUAL;2022;0
Palencia;DELITOS SEXUALES;2024;5
Palencia;DELITOS SEXUALES;2023;4
Palencia;DELITOS SEXUALES;2022;3
Palencia;FALSIFICACIÓN INFORMÁTICA;2024;84
Palencia;FALSIFICACIÓN INFORMÁTICA;2023;36
Palencia;FALSIFICACIÓN INFORMÁTICA;2022;30
Palencia;FRAUDE INFORMÁTICO;2024;1432
Palencia;FRAUDE INFORMÁTICO;2023;1324
Palencia;FRAUDE INFORMÁTICO;2022;1274
Palencia;INTERFERENCIA EN LOS DATOS Y EN EL SISTEMA;2024;6
Palencia;INTERFERENCIA EN LOS DATOS Y EN EL SISTEMA;2023;0
Palencia;INTERFERENCIA EN LOS DATOS Y EN EL SISTEMA;2022;2
Palencia;TOTAL grupo penal;2024;1640
Palencia;TOTAL grupo penal;2023;1438
Palencia;TOTAL grupo penal;2022;1392
Palmas (Las);ACCESO  E INTERCEPTACIÓN ILÍCITA;2024;268
Palmas (Las);ACCESO  E INTERCEPTACIÓN ILÍCITA;2023;266
Palmas (Las);ACCESO  E INTERCEPTACIÓN ILÍCITA;2022;151
Palmas (Las);AMENAZAS Y COACCIONES;2024;396
Palmas (Las);AMENAZAS Y COACCIONES;2023;513
Palmas (Las);AMENAZAS Y COACCIONES;2022;616
Palmas (Las);CONTRA EL HONOR;2024;47
Palmas (Las);CONTRA EL HONOR;2023;45
Palmas (Las);CONTRA EL HONOR;2022;51
Palmas (Las);CONTRA LA PROPIEDAD INDUSTRIAL/INTELECTUAL;2024;3
Palmas (Las);CONTRA LA PROPIEDAD INDUSTRIAL/INTELECTUAL;2023;1
Palmas (Las);CONTRA LA PROPIEDAD INDUSTRIAL/INTELECTUAL;2022;1
Palmas (Las);DELITOS SEXUALES;2024;37
Palmas (Las);DELITOS SEXUALES;2023;60
Palmas (Las);DELITOS SEXUALES;2022;56
Palmas (Las);FALSIFICACIÓN INFORMÁTICA;2024;335
Palmas (Las);FALSIFICACIÓN INFORMÁTICA;2023;277
Palmas (Las);FALSIFICACIÓN INFORMÁTICA;2022;288
Palmas (Las);FRAUDE INFORMÁTICO;2024;8401
Palmas (Las);FRAUDE INFORMÁTICO;2023;9152
Palmas (Las);FRAUDE INFORMÁTICO;2022;6853
Palmas (Las);INTERFERENCIA EN LOS DATOS Y EN EL SISTEMA;2024;27
Palmas (Las);INTERFERENCIA EN LOS DATOS Y EN EL SISTEMA;2023;29
Palmas (Las);INTERFERENCIA EN LOS DATOS Y EN EL SISTEMA;2022;38
Palmas (Las);TOTAL grupo penal;2024;9514
Palmas (Las);TOTAL grupo penal;2023;10343
Palmas (Las);TOTAL grupo penal;2022;8054
Pontevedra;ACCESO  E INTERCEPTACIÓN ILÍCITA;2024;222
Pontevedra;ACCESO  E INTERCEPTACIÓN ILÍCITA;2023;189
Pontevedra;ACCESO  E INTERCEPTACIÓN ILÍCITA;2022;114
Pontevedra;AMENAZAS Y COACCIONES;2024;553
Pontevedra;AMENAZAS Y COACCIONES;2023;418
Pontevedra;AMENAZAS Y COACCIONES;2022;475
Pontevedra;CONTRA EL HONOR;2024;68
Pontevedra;CONTRA EL HONOR;2023;41
Pontevedra;CONTRA EL HONOR;2022;72
Pontevedra;CONTRA LA PROPIEDAD INDUSTRIAL/INTELECTUAL;2024;2
Pontevedra;CONTRA LA PROPIEDAD INDUSTRIAL/INTELECTUAL;2023;3
Pontevedra;CONTRA LA PROPIEDAD INDUSTRIAL/INTELECTUAL;2022;0
Pontevedra;DELITOS SEXUALES;2024;35
Pontevedra;DELITOS SEXUALES;2023;36
Pontevedra;DELITOS SEXUALES;2022;25
Pontevedra;FALSIFICACIÓN INFORMÁTICA;2024;485
Pontevedra;FALSIFICACIÓN INFORMÁTICA;2023;397
Pontevedra;FALSIFICACIÓN INFORMÁTICA;2022;261
Pontevedra;FRAUDE INFORMÁTICO;2024;7701
Pontevedra;FRAUDE INFORMÁTICO;2023;7379
Pontevedra;FRAUDE INFORMÁTICO;2022;7034
Pontevedra;INTERFERENCIA EN LOS DATOS Y EN EL SISTEMA;2024;88
Pontevedra;INTERFERENCIA EN LOS DATOS Y EN EL SISTEMA;2023;64
Pontevedra;INTERFERENCIA EN LOS DATOS Y EN EL SISTEMA;2022;54
Pontevedra;TOTAL grupo penal;2024;9154
Pontevedra;TOTAL grupo penal;2023;8527
Pontevedra;TOTAL grupo penal;2022;8035
Salamanca;ACCESO  E INTERCEPTACIÓN ILÍCITA;2024;151
Salamanca;ACCESO  E INTERCEPTACIÓN ILÍCITA;2023;99
Salamanca;ACCESO  E INTERCEPTACIÓN ILÍCITA;2022;57
Salamanca;AMENAZAS Y COACCIONES;2024;151
Salamanca;AMENAZAS Y COACCIONES;2023;173
Salamanca;AMENAZAS Y COACCIONES;2022;157
Salamanca;CONTRA EL HONOR;2024;10
Salamanca;CONTRA EL HONOR;2023;9
Salamanca;CONTRA EL HONOR;2022;4
Salamanca;CONTRA LA PROPIEDAD INDUSTRIAL/INTELECTUAL;2024;2
Salamanca;CONTRA LA PROPIEDAD INDUSTRIAL/INTELECTUAL;2023;0
Salamanca;CONTRA LA PROPIEDAD INDUSTRIAL/INTELECTUAL;2022;1
Salamanca;DELITOS SEXUALES;2024;9
Salamanca;DELITOS SEXUALES;2023;13
Salamanca;DELITOS SEXUALES;2022;7
Salamanca;FALSIFICACIÓN INFORMÁTICA;2024;286
Salamanca;FALSIFICACIÓN INFORMÁTICA;2023;267
Salamanca;FALSIFICACIÓN INFORMÁTICA;2022;242
Salamanca;FRAUDE INFORMÁTICO;2024;3167
Salamanca;FRAUDE INFORMÁTICO;2023;3221
Salamanca;FRAUDE INFORMÁTICO;2022;3002
Salamanca;INTERFERENCIA EN LOS DATOS Y EN EL SISTEMA;2024;32
Salamanca;INTERFERENCIA EN LOS DATOS Y EN EL SISTEMA;2023;19
Salamanca;INTERFERENCIA EN LOS DATOS Y EN EL SISTEMA;2022;38
Salamanca;TOTAL grupo penal;2024;3808
Salamanca;TOTAL grupo penal;2023;3801
Salamanca;TOTAL grupo penal;2022;3508
Santa Cruz de Tenerife;ACCESO  E INTERCEPTACIÓN ILÍCITA;2024;150
Santa Cruz de Tenerife;ACCESO  E INTERCEPTACIÓN ILÍCITA;2023;97
Santa Cruz de Tenerife;ACCESO  E INTERCEPTACIÓN ILÍCITA;2022;101
Santa Cruz de Tenerife;AMENAZAS Y COACCIONES;2024;370
Santa Cruz de Tenerife;AMENAZAS Y COACCIONES;2023;358
Santa Cruz de Tenerife;AMENAZAS Y COACCIONES;2022;412
Santa Cruz de Tenerife;CONTRA EL HONOR;2024;13
Santa Cruz de Tenerife;CONTRA EL HONOR;2023;18
Santa Cruz de Tenerife;CONTRA EL HONOR;2022;21
Santa Cruz de Tenerife;CONTRA LA PROPIEDAD INDUSTRIAL/INTELECTUAL;2024;2
Santa Cruz de Tenerife;CONTRA LA PROPIEDAD INDUSTRIAL/INTELECTUAL;2023;3
Santa Cruz de Tenerife;CONTRA LA PROPIEDAD INDUSTRIAL/INTELECTUAL;2022;1
Santa Cruz de Tenerife;DELITOS SEXUALES;2024;33
Santa Cruz de Tenerife;DELITOS SEXUALES;2023;32
Santa Cruz de Tenerife;DELITOS SEXUALES;2022;41
Santa Cruz de Tenerife;FALSIFICACIÓN INFORMÁTICA;2024;285
Santa Cruz de Tenerife;FALSIFICACIÓN INFORMÁTICA;2023;194
Santa Cruz de Tenerife;FALSIFICACIÓN INFORMÁTICA;2022;185
Santa Cruz de Tenerife;FRAUDE INFORMÁTICO;2024;6363
Santa Cruz de Tenerife;FRAUDE INFORMÁTICO;2023;6600
Santa Cruz de Tenerife;FRAUDE INFORMÁTICO;2022;4846
Santa Cruz de Tenerife;INTERFERENCIA EN LOS DATOS Y EN EL SISTEMA;2024;27
Santa Cruz de Tenerife;INTERFERENCIA EN LOS DATOS Y EN EL SISTEMA;2023;26
Santa Cruz de Tenerife;INTERFERENCIA EN LOS DATOS Y EN EL SISTEMA;2022;23
Santa Cruz de Tenerife;TOTAL grupo penal;2024;7243
Santa Cruz de Tenerife;TOTAL grupo penal;2023;7328
Santa Cruz de Tenerife;TOTAL grupo penal;2022;5630
Cantabria;ACCESO  E INTERCEPTACIÓN ILÍCITA;2024;209
Cantabria;ACCESO  E INTERCEPTACIÓN ILÍCITA;2023;129
Cantabria;ACCESO  E INTERCEPTACIÓN ILÍCITA;2022;79
Cantabria;AMENAZAS Y COACCIONES;2024;258
Cantabria;AMENAZAS Y COACCIONES;2023;249
Cantabria;AMENAZAS Y COACCIONES;2022;208
Cantabria;CONTRA EL HONOR;2024;11
Cantabria;CONTRA EL HONOR;2023;9
Cantabria;CONTRA EL HONOR;2022;11
Cantabria;CONTRA LA PROPIEDAD INDUSTRIAL/INTELECTUAL;2024;6
Cantabria;CONTRA LA PROPIEDAD INDUSTRIAL/INTELECTUAL;2023;14
Cantabria;CONTRA LA PROPIEDAD INDUSTRIAL/INTELECTUAL;2022;1
Cantabria;DELITOS SEXUALES;2024;30
Cantabria;DELITOS SEXUALES;2023;12
Cantabria;DELITOS SEXUALES;2022;22
Cantabria;FALSIFICACIÓN INFORMÁTICA;2024;207
Cantabria;FALSIFICACIÓN INFORMÁTICA;2023;95
Cantabria;FALSIFICACIÓN INFORMÁTICA;2022;103
Cantabria;FRAUDE INFORMÁTICO;2024;5774
Cantabria;FRAUDE INFORMÁTICO;2023;5428
Cantabria;FRAUDE INFORMÁTICO;2022;4349
Cantabria;INTERFERENCIA EN LOS DATOS Y EN EL SISTEMA;2024;41
Cantabria;INTERFERENCIA EN LOS DATOS Y EN EL SISTEMA;2023;32
Cantabria;INTERFERENCIA EN LOS DATOS Y EN EL SISTEMA;2022;33
Cantabria;TOTAL grupo penal;2024;6536
Cantabria;TOTAL grupo penal;2023;5968
Cantabria;TOTAL grupo penal;2022;4806
Segovia;ACCESO  E INTERCEPTACIÓN ILÍCITA;2024;19
Segovia;ACCESO  E INTERCEPTACIÓN ILÍCITA;2023;17
Segovia;ACCESO  E INTERCEPTACIÓN ILÍCITA;2022;14
Segovia;AMENAZAS Y COACCIONES;2024;71
Segovia;AMENAZAS Y COACCIONES;2023;81
Segovia;AMENAZAS Y COACCIONES;2022;69
Segovia;CONTRA EL HONOR;2024;5
Segovia;CONTRA EL HONOR;2023;18
Segovia;CONTRA EL HONOR;2022;8
Segovia;CONTRA LA PROPIEDAD INDUSTRIAL/INTELECTUAL;2024;0
Segovia;CONTRA LA PROPIEDAD INDUSTRIAL/INTELECTUAL;2023;0
Segovia;CONTRA LA PROPIEDAD INDUSTRIAL/INTELECTUAL;2022;0
Segovia;DELITOS SEXUALES;2024;4
Segovia;DELITOS SEXUALES;2023;7
Segovia;DELITOS SEXUALES;2022;3
Segovia;FALSIFICACIÓN INFORMÁTICA;2024;73
Segovia;FALSIFICACIÓN INFORMÁTICA;2023;76
Segovia;FALSIFICACIÓN INFORMÁTICA;2022;95
Segovia;FRAUDE INFORMÁTICO;2024;1731
Segovia;FRAUDE INFORMÁTICO;2023;1655
Segovia;FRAUDE INFORMÁTICO;2022;1110
Segovia;INTERFERENCIA EN LOS DATOS Y EN EL SISTEMA;2024;2
Segovia;INTERFERENCIA EN LOS DATOS Y EN EL SISTEMA;2023;1
Segovia;INTERFERENCIA EN LOS DATOS Y EN EL SISTEMA;2022;1
Segovia;TOTAL grupo penal;2024;1905
Segovia;TOTAL grupo penal;2023;1855
Segovia;TOTAL grupo penal;2022;1300
Sevilla;ACCESO  E INTERCEPTACIÓN ILÍCITA;2024;602
Sevilla;ACCESO  E INTERCEPTACIÓN ILÍCITA;2023;453
Sevilla;ACCESO  E INTERCEPTACIÓN ILÍCITA;2022;314
Sevilla;AMENAZAS Y COACCIONES;2024;1071
Sevilla;AMENAZAS Y COACCIONES;2023;909
Sevilla;AMENAZAS Y COACCIONES;2022;879
Sevilla;CONTRA EL HONOR;2024;89
Sevilla;CONTRA EL HONOR;2023;86
Sevilla;CONTRA EL HONOR;2022;95
Sevilla;CONTRA LA PROPIEDAD INDUSTRIAL/INTELECTUAL;2024;4
Sevilla;CONTRA LA PROPIEDAD INDUSTRIAL/INTELECTUAL;2023;4
Sevilla;CONTRA LA PROPIEDAD INDUSTRIAL/INTELECTUAL;2022;8
Sevilla;DELITOS SEXUALES;2024;81
Sevilla;DELITOS SEXUALES;2023;131
Sevilla;DELITOS SEXUALES;2022;136
Sevilla;FALSIFICACIÓN INFORMÁTICA;2024;412
Sevilla;FALSIFICACIÓN INFORMÁTICA;2023;249
Sevilla;FALSIFICACIÓN INFORMÁTICA;2022;241
Sevilla;FRAUDE INFORMÁTICO;2024;16998
Sevilla;FRAUDE INFORMÁTICO;2023;17022
Sevilla;FRAUDE INFORMÁTICO;2022;12850
Sevilla;INTERFERENCIA EN LOS DATOS Y EN EL SISTEMA;2024;111
Sevilla;INTERFERENCIA EN LOS DATOS Y EN EL SISTEMA;2023;107
Sevilla;INTERFERENCIA EN LOS DATOS Y EN EL SISTEMA;2022;67
Sevilla;TOTAL grupo penal;2024;19368
Sevilla;TOTAL grupo penal;2023;18961
Sevilla;TOTAL grupo penal;2022;14590
Soria;ACCESO  E INTERCEPTACIÓN ILÍCITA;2024;9
Soria;ACCESO  E INTERCEPTACIÓN ILÍCITA;2023;12
Soria;ACCESO  E INTERCEPTACIÓN ILÍCITA;2022;10
Soria;AMENAZAS Y COACCIONES;2024;39
Soria;AMENAZAS Y COACCIONES;2023;41
Soria;AMENAZAS Y COACCIONES;2022;44
Soria;CONTRA EL HONOR;2024;6
Soria;CONTRA EL HONOR;2023;2
Soria;CONTRA EL HONOR;2022;1
Soria;CONTRA LA PROPIEDAD INDUSTRIAL/INTELECTUAL;2024;0
Soria;CONTRA LA PROPIEDAD INDUSTRIAL/INTELECTUAL;2023;1
Soria;CONTRA LA PROPIEDAD INDUSTRIAL/INTELECTUAL;2022;0
Soria;DELITOS SEXUALES;2024;1
Soria;DELITOS SEXUALES;2023;2
Soria;DELITOS SEXUALES;2022;3
Soria;FALSIFICACIÓN INFORMÁTICA;2024;54
Soria;FALSIFICACIÓN INFORMÁTICA;2023;43
Soria;FALSIFICACIÓN INFORMÁTICA;2022;19
Soria;FRAUDE INFORMÁTICO;2024;893
Soria;FRAUDE INFORMÁTICO;2023;1120
Soria;FRAUDE INFORMÁTICO;2022;961
Soria;INTERFERENCIA EN LOS DATOS Y EN EL SISTEMA;2024;6
Soria;INTERFERENCIA EN LOS DATOS Y EN EL SISTEMA;2023;6
Soria;INTERFERENCIA EN LOS DATOS Y EN EL SISTEMA;2022;5
Soria;TOTAL grupo penal;2024;1008
Soria;TOTAL grupo penal;2023;1227
Soria;TOTAL grupo penal;2022;1043
Tarragona;ACCESO  E INTERCEPTACIÓN ILÍCITA;2024;64
Tarragona;ACCESO  E INTERCEPTACIÓN ILÍCITA;2023;75
Tarragona;ACCESO  E INTERCEPTACIÓN ILÍCITA;2022;87
Tarragona;AMENAZAS Y COACCIONES;2024;88
Tarragona;AMENAZAS Y COACCIONES;2023;67
Tarragona;AMENAZAS Y COACCIONES;2022;76
Tarragona;CONTRA EL HONOR;2024;1
Tarragona;CONTRA EL HONOR;2023;1
Tarragona;CONTRA EL HONOR;2022;0
Tarragona;CONTRA LA PROPIEDAD INDUSTRIAL/INTELECTUAL;2024;1
Tarragona;CONTRA LA PROPIEDAD INDUSTRIAL/INTELECTUAL;2023;0
Tarragona;CONTRA LA PROPIEDAD INDUSTRIAL/INTELECTUAL;2022;4
Tarragona;DELITOS SEXUALES;2024;17
Tarragona;DELITOS SEXUALES;2023;16
Tarragona;DELITOS SEXUALES;2022;16
Tarragona;FALSIFICACIÓN INFORMÁTICA;2024;520
Tarragona;FALSIFICACIÓN INFORMÁTICA;2023;77
Tarragona;FALSIFICACIÓN INFORMÁTICA;2022;81
Tarragona;FRAUDE INFORMÁTICO;2024;7152
Tarragona;FRAUDE INFORMÁTICO;2023;7586
Tarragona;FRAUDE INFORMÁTICO;2022;5906
Tarragona;INTERFERENCIA EN LOS DATOS Y EN EL SISTEMA;2024;6
Tarragona;INTERFERENCIA EN LOS DATOS Y EN EL SISTEMA;2023;7
Tarragona;INTERFERENCIA EN LOS DATOS Y EN EL SISTEMA;2022;5
Tarragona;TOTAL grupo penal;2024;7849
Tarragona;TOTAL grupo penal;2023;7829
Tarragona;TOTAL grupo penal;2022;6175
Teruel;ACCESO  E INTERCEPTACIÓN ILÍCITA;2024;10
Teruel;ACCESO  E INTERCEPTACIÓN ILÍCITA;2023;10
Teruel;ACCESO  E INTERCEPTACIÓN ILÍCITA;2022;4
Teruel;AMENAZAS Y COACCIONES;2024;75
Teruel;AMENAZAS Y COACCIONES;2023;74
Teruel;AMENAZAS Y COACCIONES;2022;43
Teruel;CONTRA EL HONOR;2024;4
Teruel;CONTRA EL HONOR;2023;3
Teruel;CONTRA EL HONOR;2022;2
Teruel;CONTRA LA PROPIEDAD INDUSTRIAL/INTELECTUAL;2024;1
Teruel;CONTRA LA PROPIEDAD INDUSTRIAL/INTELECTUAL;2023;0
Teruel;CONTRA LA PROPIEDAD INDUSTRIAL/INTELECTUAL;2022;1
Teruel;DELITOS SEXUALES;2024;4
Teruel;DELITOS SEXUALES;2023;1
Teruel;DELITOS SEXUALES;2022;5
Teruel;FALSIFICACIÓN INFORMÁTICA;2024;66
Teruel;FALSIFICACIÓN INFORMÁTICA;2023;41
Teruel;FALSIFICACIÓN INFORMÁTICA;2022;22
Teruel;FRAUDE INFORMÁTICO;2024;1129
Teruel;FRAUDE INFORMÁTICO;2023;1154
Teruel;FRAUDE INFORMÁTICO;2022;775
Teruel;INTERFERENCIA EN LOS DATOS Y EN EL SISTEMA;2024;6
Teruel;INTERFERENCIA EN LOS DATOS Y EN EL SISTEMA;2023;6
Teruel;INTERFERENCIA EN LOS DATOS Y EN EL SISTEMA;2022;2
Teruel;TOTAL grupo penal;2024;1295
Teruel;TOTAL grupo penal;2023;1289
Teruel;TOTAL grupo penal;2022;854
Toledo;ACCESO  E INTERCEPTACIÓN ILÍCITA;2024;123
Toledo;ACCESO  E INTERCEPTACIÓN ILÍCITA;2023;48
Toledo;ACCESO  E INTERCEPTACIÓN ILÍCITA;2022;36
Toledo;AMENAZAS Y COACCIONES;2024;333
Toledo;AMENAZAS Y COACCIONES;2023;406
Toledo;AMENAZAS Y COACCIONES;2022;430
Toledo;CONTRA EL HONOR;2024;27
Toledo;CONTRA EL HONOR;2023;39
Toledo;CONTRA EL HONOR;2022;20
Toledo;CONTRA LA PROPIEDAD INDUSTRIAL/INTELECTUAL;2024;2
Toledo;CONTRA LA PROPIEDAD INDUSTRIAL/INTELECTUAL;2023;0
Toledo;CONTRA LA PROPIEDAD INDUSTRIAL/INTELECTUAL;2022;0
Toledo;DELITOS SEXUALES;2024;25
Toledo;DELITOS SEXUALES;2023;20
Toledo;DELITOS SEXUALES;2022;31
Toledo;FALSIFICACIÓN INFORMÁTICA;2024;387
Toledo;FALSIFICACIÓN INFORMÁTICA;2023;378
Toledo;FALSIFICACIÓN INFORMÁTICA;2022;390
Toledo;FRAUDE INFORMÁTICO;2024;5848
Toledo;FRAUDE INFORMÁTICO;2023;6284
Toledo;FRAUDE INFORMÁTICO;2022;4800
Toledo;INTERFERENCIA EN LOS DATOS Y EN EL SISTEMA;2024;18
Toledo;INTERFERENCIA EN LOS DATOS Y EN EL SISTEMA;2023;17
Toledo;INTERFERENCIA EN LOS DATOS Y EN EL SISTEMA;2022;10
Toledo;TOTAL grupo penal;2024;6763
Toledo;TOTAL grupo penal;2023;7192
Toledo;TOTAL grupo penal;2022;5717
Valencia/València;ACCESO  E INTERCEPTACIÓN ILÍCITA;2024;485
Valencia/València;ACCESO  E INTERCEPTACIÓN ILÍCITA;2023;401
Valencia/València;ACCESO  E INTERCEPTACIÓN ILÍCITA;2022;277
Valencia/València;AMENAZAS Y COACCIONES;2024;929
Valencia/València;AMENAZAS Y COACCIONES;2023;1030
Valencia/València;AMENAZAS Y COACCIONES;2022;1053
Valencia/València;CONTRA EL HONOR;2024;60
Valencia/València;CONTRA EL HONOR;2023;73
Valencia/València;CONTRA EL HONOR;2022;84
Valencia/València;CONTRA LA PROPIEDAD INDUSTRIAL/INTELECTUAL;2024;20
Valencia/València;CONTRA LA PROPIEDAD INDUSTRIAL/INTELECTUAL;2023;7
Valencia/València;CONTRA LA PROPIEDAD INDUSTRIAL/INTELECTUAL;2022;4
Valencia/València;DELITOS SEXUALES;2024;102
Valencia/València;DELITOS SEXUALES;2023;81
Valencia/València;DELITOS SEXUALES;2022;72
Valencia/València;FALSIFICACIÓN INFORMÁTICA;2024;1229
Valencia/València;FALSIFICACIÓN INFORMÁTICA;2023;1482
Valencia/València;FALSIFICACIÓN INFORMÁTICA;2022;1105
Valencia/València;FRAUDE INFORMÁTICO;2024;21457
Valencia/València;FRAUDE INFORMÁTICO;2023;21967
Valencia/València;FRAUDE INFORMÁTICO;2022;15623
Valencia/València;INTERFERENCIA EN LOS DATOS Y EN EL SISTEMA;2024;179
Valencia/València;INTERFERENCIA EN LOS DATOS Y EN EL SISTEMA;2023;151
Valencia/València;INTERFERENCIA EN LOS DATOS Y EN EL SISTEMA;2022;136
Valencia/València;TOTAL grupo penal;2024;24461
Valencia/València;TOTAL grupo penal;2023;25192
Valencia/València;TOTAL grupo penal;2022;18354
Valladolid;ACCESO  E INTERCEPTACIÓN ILÍCITA;2024;142
Valladolid;ACCESO  E INTERCEPTACIÓN ILÍCITA;2023;91
Valladolid;ACCESO  E INTERCEPTACIÓN ILÍCITA;2022;119
Valladolid;AMENAZAS Y COACCIONES;2024;226
Valladolid;AMENAZAS Y COACCIONES;2023;224
Valladolid;AMENAZAS Y COACCIONES;2022;180
Valladolid;CONTRA EL HONOR;2024;14
Valladolid;CONTRA EL HONOR;2023;16
Valladolid;CONTRA EL HONOR;2022;12
Valladolid;CONTRA LA PROPIEDAD INDUSTRIAL/INTELECTUAL;2024;1
Valladolid;CONTRA LA PROPIEDAD INDUSTRIAL/INTELECTUAL;2023;3
Valladolid;CONTRA LA PROPIEDAD INDUSTRIAL/INTELECTUAL;2022;1
Valladolid;DELITOS SEXUALES;2024;13
Valladolid;DELITOS SEXUALES;2023;17
Valladolid;DELITOS SEXUALES;2022;23
Valladolid;FALSIFICACIÓN INFORMÁTICA;2024;271
Valladolid;FALSIFICACIÓN INFORMÁTICA;2023;239
Valladolid;FALSIFICACIÓN INFORMÁTICA;2022;126
Valladolid;FRAUDE INFORMÁTICO;2024;5339
Valladolid;FRAUDE INFORMÁTICO;2023;5393
Valladolid;FRAUDE INFORMÁTICO;2022;4775
Valladolid;INTERFERENCIA EN LOS DATOS Y EN EL SISTEMA;2024;67
Valladolid;INTERFERENCIA EN LOS DATOS Y EN EL SISTEMA;2023;76
Valladolid;INTERFERENCIA EN LOS DATOS Y EN EL SISTEMA;2022;48
Valladolid;TOTAL grupo penal;2024;6073
Valladolid;TOTAL grupo penal;2023;6059
Valladolid;TOTAL grupo penal;2022;5284
Bizkaia;ACCESO  E INTERCEPTACIÓN ILÍCITA;2024;162
Bizkaia;ACCESO  E INTERCEPTACIÓN ILÍCITA;2023;153
Bizkaia;ACCESO  E INTERCEPTACIÓN ILÍCITA;2022;138
Bizkaia;AMENAZAS Y COACCIONES;2024;646
Bizkaia;AMENAZAS Y COACCIONES;2023;648
Bizkaia;AMENAZAS Y COACCIONES;2022;447
Bizkaia;CONTRA EL HONOR;2024;4
Bizkaia;CONTRA EL HONOR;2023;1
Bizkaia;CONTRA EL HONOR;2022;3
Bizkaia;CONTRA LA PROPIEDAD INDUSTRIAL/INTELECTUAL;2024;8
Bizkaia;CONTRA LA PROPIEDAD INDUSTRIAL/INTELECTUAL;2023;4
Bizkaia;CONTRA LA PROPIEDAD INDUSTRIAL/INTELECTUAL;2022;3
Bizkaia;DELITOS SEXUALES;2024;35
Bizkaia;DELITOS SEXUALES;2023;34
Bizkaia;DELITOS SEXUALES;2022;37
Bizkaia;FALSIFICACIÓN INFORMÁTICA;2024;573
Bizkaia;FALSIFICACIÓN INFORMÁTICA;2023;578
Bizkaia;FALSIFICACIÓN INFORMÁTICA;2022;521
Bizkaia;FRAUDE INFORMÁTICO;2024;12056
Bizkaia;FRAUDE INFORMÁTICO;2023;13061
Bizkaia;FRAUDE INFORMÁTICO;2022;10103
Bizkaia;INTERFERENCIA EN LOS DATOS Y EN EL SISTEMA;2024;10
Bizkaia;INTERFERENCIA EN LOS DATOS Y EN EL SISTEMA;2023;11
Bizkaia;INTERFERENCIA EN LOS DATOS Y EN EL SISTEMA;2022;25
Bizkaia;TOTAL grupo penal;2024;13494
Bizkaia;TOTAL grupo penal;2023;14490
Bizkaia;TOTAL grupo penal;2022;11277
Zamora;ACCESO  E INTERCEPTACIÓN ILÍCITA;2024;23
Zamora;ACCESO  E INTERCEPTACIÓN ILÍCITA;2023;14
Zamora;ACCESO  E INTERCEPTACIÓN ILÍCITA;2022;22
Zamora;AMENAZAS Y COACCIONES;2024;66
Zamora;AMENAZAS Y COACCIONES;2023;67
Zamora;AMENAZAS Y COACCIONES;2022;45
Zamora;CONTRA EL HONOR;2024;5
Zamora;CONTRA EL HONOR;2023;4
Zamora;CONTRA EL HONOR;2022;4
Zamora;CONTRA LA PROPIEDAD INDUSTRIAL/INTELECTUAL;2024;0
Zamora;CONTRA LA PROPIEDAD INDUSTRIAL/INTELECTUAL;2023;0
Zamora;CONTRA LA PROPIEDAD INDUSTRIAL/INTELECTUAL;2022;0
Zamora;DELITOS SEXUALES;2024;4
Zamora;DELITOS SEXUALES;2023;3
Zamora;DELITOS SEXUALES;2022;9
Zamora;FALSIFICACIÓN INFORMÁTICA;2024;57
Zamora;FALSIFICACIÓN INFORMÁTICA;2023;61
Zamora;FALSIFICACIÓN INFORMÁTICA;2022;16
Zamora;FRAUDE INFORMÁTICO;2024;1212
Zamora;FRAUDE INFORMÁTICO;2023;1262
Zamora;FRAUDE INFORMÁTICO;2022;874
Zamora;INTERFERENCIA EN LOS DATOS Y EN EL SISTEMA;2024;5
Zamora;INTERFERENCIA EN LOS DATOS Y EN EL SISTEMA;2023;2
Zamora;INTERFERENCIA EN LOS DATOS Y EN EL SISTEMA;2022;8
Zamora;TOTAL grupo penal;2024;1372
Zamora;TOTAL grupo penal;2023;1413
Zamora;TOTAL grupo penal;2022;978
Zaragoza;ACCESO  E INTERCEPTACIÓN ILÍCITA;2024;198
Zaragoza;ACCESO  E INTERCEPTACIÓN ILÍCITA;2023;115
Zaragoza;ACCESO  E INTERCEPTACIÓN ILÍCITA;2022;69
Zaragoza;AMENAZAS Y COACCIONES;2024;381
Zaragoza;AMENAZAS Y COACCIONES;2023;435
Zaragoza;AMENAZAS Y COACCIONES;2022;366
Zaragoza;CONTRA EL HONOR;2024;17
Zaragoza;CONTRA EL HONOR;2023;27
Zaragoza;CONTRA EL HONOR;2022;20
Zaragoza;CONTRA LA PROPIEDAD INDUSTRIAL/INTELECTUAL;2024;8
Zaragoza;CONTRA LA PROPIEDAD INDUSTRIAL/INTELECTUAL;2023;2
Zaragoza;CONTRA LA PROPIEDAD INDUSTRIAL/INTELECTUAL;2022;1
Zaragoza;DELITOS SEXUALES;2024;24
Zaragoza;DELITOS SEXUALES;2023;39
Zaragoza;DELITOS SEXUALES;2022;36
Zaragoza;FALSIFICACIÓN INFORMÁTICA;2024;311
Zaragoza;FALSIFICACIÓN INFORMÁTICA;2023;261
Zaragoza;FALSIFICACIÓN INFORMÁTICA;2022;141
Zaragoza;FRAUDE INFORMÁTICO;2024;7946
Zaragoza;FRAUDE INFORMÁTICO;2023;7861
Zaragoza;FRAUDE INFORMÁTICO;2022;6568
Zaragoza;INTERFERENCIA EN LOS DATOS Y EN EL SISTEMA;2024;22
Zaragoza;INTERFERENCIA EN LOS DATOS Y EN EL SISTEMA;2023;43
Zaragoza;INTERFERENCIA EN LOS DATOS Y EN EL SISTEMA;2022;26
Zaragoza;TOTAL grupo penal;2024;8907
Zaragoza;TOTAL grupo penal;2023;8783
Zaragoza;TOTAL grupo penal;2022;7227
Ceuta;ACCESO  E INTERCEPTACIÓN ILÍCITA;2024;21
Ceuta;ACCESO  E INTERCEPTACIÓN ILÍCITA;2023;12
Ceuta;ACCESO  E INTERCEPTACIÓN ILÍCITA;2022;19
Ceuta;AMENAZAS Y COACCIONES;2024;43
Ceuta;AMENAZAS Y COACCIONES;2023;33
Ceuta;AMENAZAS Y COACCIONES;2022;54
Ceuta;CONTRA EL HONOR;2024;1
Ceuta;CONTRA EL HONOR;2023;8
Ceuta;CONTRA EL HONOR;2022;0
Ceuta;CONTRA LA PROPIEDAD INDUSTRIAL/INTELECTUAL;2024;0
Ceuta;CONTRA LA PROPIEDAD INDUSTRIAL/INTELECTUAL;2023;0
Ceuta;CONTRA LA PROPIEDAD INDUSTRIAL/INTELECTUAL;2022;1
Ceuta;DELITOS SEXUALES;2024;5
Ceuta;DELITOS SEXUALES;2023;4
Ceuta;DELITOS SEXUALES;2022;4
Ceuta;FALSIFICACIÓN INFORMÁTICA;2024;22
Ceuta;FALSIFICACIÓN INFORMÁTICA;2023;19
Ceuta;FALSIFICACIÓN INFORMÁTICA;2022;20
Ceuta;FRAUDE INFORMÁTICO;2024;497
Ceuta;FRAUDE INFORMÁTICO;2023;514
Ceuta;FRAUDE INFORMÁTICO;2022;469
Ceuta;INTERFERENCIA EN LOS DATOS Y EN EL SISTEMA;2024;3
Ceuta;INTERFERENCIA EN LOS DATOS Y EN EL SISTEMA;2023;2
Ceuta;INTERFERENCIA EN LOS DATOS Y EN EL SISTEMA;2022;0
Ceuta;TOTAL grupo penal;2024;592
Ceuta;TOTAL grupo penal;2023;592
Ceuta;TOTAL grupo penal;2022;567
Melilla;ACCESO  E INTERCEPTACIÓN ILÍCITA;2024;35
Melilla;ACCESO  E INTERCEPTACIÓN ILÍCITA;2023;12
Melilla;ACCESO  E INTERCEPTACIÓN ILÍCITA;2022;14
Melilla;AMENAZAS Y COACCIONES;2024;38
Melilla;AMENAZAS Y COACCIONES;2023;34
Melilla;AMENAZAS Y COACCIONES;2022;41
Melilla;CONTRA EL HONOR;2024;10
Melilla;CONTRA EL HONOR;2023;16
Melilla;CONTRA EL HONOR;2022;12
Melilla;CONTRA LA PROPIEDAD INDUSTRIAL/INTELECTUAL;2024;0
Melilla;CONTRA LA PROPIEDAD INDUSTRIAL/INTELECTUAL;2023;0
Melilla;CONTRA LA PROPIEDAD INDUSTRIAL/INTELECTUAL;2022;0
Melilla;DELITOS SEXUALES;2024;4
Melilla;DELITOS SEXUALES;2023;2
Melilla;DELITOS SEXUALES;2022;0
Melilla;FALSIFICACIÓN INFORMÁTICA;2024;5
Melilla;FALSIFICACIÓN INFORMÁTICA;2023;7
Melilla;FALSIFICACIÓN INFORMÁTICA;2022;5
Melilla;FRAUDE INFORMÁTICO;2024;458
Melilla;FRAUDE INFORMÁTICO;2023;409
Melilla;FRAUDE INFORMÁTICO;2022;329
Melilla;INTERFERENCIA EN LOS DATOS Y EN EL SISTEMA;2024;1
Melilla;INTERFERENCIA EN LOS DATOS Y EN EL SISTEMA;2023;1
Melilla;INTERFERENCIA EN LOS DATOS Y EN EL SISTEMA;2022;4
Melilla;TOTAL grupo penal;2024;551
Melilla;TOTAL grupo penal;2023;481
Melilla;TOTAL grupo penal;2022;405
En el extranjero;ACCESO  E INTERCEPTACIÓN ILÍCITA;2024;54
En el extranjero;ACCESO  E INTERCEPTACIÓN ILÍCITA;2023;82
En el extranjero;ACCESO  E INTERCEPTACIÓN ILÍCITA;2022;46
En el extranjero;AMENAZAS Y COACCIONES;2024;80
En el extranjero;AMENAZAS Y COACCIONES;2023;150
En el extranjero;AMENAZAS Y COACCIONES;2022;73
En el extranjero;CONTRA EL HONOR;2024;2
En el extranjero;CONTRA EL HONOR;2023;3
En el extranjero;CONTRA EL HONOR;2022;1
En el extranjero;CONTRA LA PROPIEDAD INDUSTRIAL/INTELECTUAL;2024;0
En el extranjero;CONTRA LA PROPIEDAD INDUSTRIAL/INTELECTUAL;2023;0
En el extranjero;CONTRA LA PROPIEDAD INDUSTRIAL/INTELECTUAL;2022;0
En el extranjero;DELITOS SEXUALES;2024;11
En el extranjero;DELITOS SEXUALES;2023;12
En el extranjero;DELITOS SEXUALES;2022;7
En el extranjero;FALSIFICACIÓN INFORMÁTICA;2024;33
En el extranjero;FALSIFICACIÓN INFORMÁTICA;2023;52
En el extranjero;FALSIFICACIÓN INFORMÁTICA;2022;46
En el extranjero;FRAUDE INFORMÁTICO;2024;3300
En el extranjero;FRAUDE INFORMÁTICO;2023;4393
En el extranjero;FRAUDE INFORMÁTICO;2022;5451
En el extranjero;INTERFERENCIA EN LOS DATOS Y EN EL SISTEMA;2024;15
En el extranjero;INTERFERENCIA EN LOS DATOS Y EN EL SISTEMA;2023;12
En el extranjero;INTERFERENCIA EN LOS DATOS Y EN EL SISTEMA;2022;19
En el extranjero;TOTAL grupo penal;2024;3495
En el extranjero;TOTAL grupo penal;2023;4704
En el extranjero;TOTAL grupo penal;2022;5643
Desconocida;ACCESO  E INTERCEPTACIÓN ILÍCITA;2024;0
Desconocida;ACCESO  E INTERCEPTACIÓN ILÍCITA;2023;0
Desconocida;ACCESO  E INTERCEPTACIÓN ILÍCITA;2022;0
Desconocida;AMENAZAS Y COACCIONES;2024;0
Desconocida;AMENAZAS Y COACCIONES;2023;0
Desconocida;AMENAZAS Y COACCIONES;2022;0
Desconocida;CONTRA EL HONOR;2024;0
Desconocida;CONTRA EL HONOR;2023;0
Desconocida;CONTRA EL HONOR;2022;0
Desconocida;CONTRA LA PROPIEDAD INDUSTRIAL/INTELECTUAL;2024;0
Desconocida;CONTRA LA PROPIEDAD INDUSTRIAL/INTELECTUAL;2023;0
Desconocida;CONTRA LA PROPIEDAD INDUSTRIAL/INTELECTUAL;2022;0
Desconocida;DELITOS SEXUALES;2024;0
Desconocida;DELITOS SEXUALES;2023;0
Desconocida;DELITOS SEXUALES;2022;0
Desconocida;FALSIFICACIÓN INFORMÁTICA;2024;0
Desconocida;FALSIFICACIÓN INFORMÁTICA;2023;0
Desconocida;FALSIFICACIÓN INFORMÁTICA;2022;0
Desconocida;FRAUDE INFORMÁTICO;2024;0
Desconocida;FRAUDE INFORMÁTICO;2023;0
Desconocida;FRAUDE INFORMÁTICO;2022;0
Desconocida;INTERFERENCIA EN LOS DATOS Y EN EL SISTEMA;2024;0
Desconocida;INTERFERENCIA EN LOS DATOS Y EN EL SISTEMA;2023;0
Desconocida;INTERFERENCIA EN LOS DATOS Y EN EL SISTEMA;2022;0
Desconocida;TOTAL grupo penal;2024;0
Desconocida;TOTAL grupo penal;2023;0
Desconocida;TOTAL grupo penal;2022;0
